Aabroo,AS
Abrisham,AS
Afhak,AS
Afri,AS
Afshaneh,AS
Afsoon,AS
Anousheh,AS
Arezo,AS
Armineh,AS
Asal,AS
Asmaan,AS
Azyan,AS
Benesh,AS
Berezira,AS
Chaghama,AS
Damsa,AS
Darsameen,AS
Emma Dil,AS
Esin,AS
Farahnoush,AS
Farkhondeh,AS
Farzaneh,AS
Ferhana,AS
Firouzeh,AS
Ghamzeh,AS
Gulnoor,AS
Gulpari,AS
Gulrang,AS
Hajira,AS
Hamdiya,AS
Hesther,AS
Hooriyah,AS
Hunoon,AS
Imama,AS
Kaameh,AS
Kaamisha,AS
Kaamnoosh,AS
Kaasheen,AS
Kashm,AS
Khudeeja,AS
Khush Bakht,AS
Kinaaz,AS
Kushaaneh,AS
Larmina,AS
Mahvash,AS
Mahwash moon,AS
Mehrbano,AS
Perveen,AS
Shandana,AS
Tabaan,AS
Abeer,AF
Abella,AF
Abra,AF
Adara,AF
Adiba,AF
Adila,AF
Adiva,AF
Afraima,AF
Buthainah,AF
Cala,AF
Caliana,AF
Cari,AF
Chaka,AF
Dalia,AF
Eman,AF
Fairuza,AF
Fariha,AF
Feryal,AF
Ghada,AF
Hadiya,AF
Hadya,AF
Heba,AF
Inara,AF
Jada,AF
Jamelia,AF
Jayla,AF
Jehan,AF
Kadira,AF
Kalilah,AF
Karima,AF
Khadijah,AF
Laleh,AF
Lamis,AF
Mahalah,AF
Maja,AF
Malak,AF
Melek,AF
Nabila,AF
Naimah,AF
Najwa,AF
Nimah,AF
Nyela,AF
Prema,AF
Qadira,AF
Qubilah,AF
Rahi,AF
Rasha,AF
Sadah,AF
Wahiba,AF
Yusra,AF
Arabella,SA
Arcelia,SA
Armena,SA
Brandye,SA
Carletta,SA
Carmencita,SA
Catalina,SA
Chiquita,SA
Chrisanna,SA
Clarinda,SA
Danita,SA
Devera,SA
Earlena,SA
Elena,SA
Emilia,SA
Ester,SA
Fabiola,SA
Faqueza,SA
Fausta,SA
Florida,SA
Frescura,SA
Isabel,SA
Itsaso,SA
Josefa,SA
Josefina,SA
Julieta,SA
Leonora,SA
Lluvia,SA
Lucia,SA
Luciana,SA
Luisana,SA
Lupita,SA
Madrona,SA
Manuela,SA
Marcela,SA
Maria,SA
Marietta,SA
Martina,SA
Maxima,SA
Mercedes,SA
Micaela,SA
Nailea,SA
Neva,SA
Novia,SA
Paula,SA
Paz,SA
Pilar,SA
Rocio,SA
Rosalinde,SA
Rosamaria,SA
Rosario,SA
Saturnina,SA
Sofia,SA
Sol,SA
Valentina,SA
Xiomarys,SA
Zaira,SA
Zaneta,SA
Zoe,SA
Aaliyah,OC
Abigail,OC
Adele,OC
Aisha,OC
Alexandra,OC
Alexis,OC
Alice,OC
Alyssa,OC
Amelia,OC
Anna,OC
Ariana,OC
Aspen,OC
Aurora,OC
Ava,OC
Ayla,OC
Bella,OC
Bethany,OC
Brooke,OC
Cate,OC
Charlize,OC
Charlotte,OC
Chelsea,OC
Chloe,OC
Claire,OC
Daisy,OC
Danni,OC
Eden,OC
Eleanor,OC
Ella,OC
Ellie,OC
Elsie,OC
Emilia,OC
Emily,OC
Emma,OC
Eva,OC
Evie,OC
Gemma,OC
Georgia,OC
Grace,OC
Hannah,OC
Harper,OC
Harriet,OC
Hayley,OC
Heidi,OC
Holly,OC
Iggy,OC
Imogen,OC
Isabella,OC
Isla,OC
Jasmine,OC
Jessica,OC
Julia,OC
Kiara,OC
Kylie,OC
Layla,OC
Lexi,OC
Lily,OC
Lola,OC
Lucy,OC
Mackenzie,OC
Madeline,OC
Madison,OC
Margot,OC
Maria,OC
Matilda,OC
Maya,OC
Mia,OC
Milla,OC
Molly,OC
Naomi,OC
Natalie,OC
Nicole,OC
Olivia,OC
Paige,OC
Penelope,OC
Phoebe,OC
Piper,OC
Rose,OC
Ruby,OC
Sadie,OC
Samantha,OC
Sarah,OC
Scarlett,OC
Sienna,OC
Sophia,OC
Sophie,OC
Summer,OC
Tahlia,OC
Taylah,OC
Teresa,OC
Thanh,OC
Thi,OC
Toni,OC
Zara,OC
Zoe,OC
Alina,EU
Amelie,EU
Angelina,EU
Anna,EU
Annika,EU
Bettina,EU
Carian,EU
Chiara,EU
Clara,EU
Elena,EU
Elisa,EU
Emilia,EU
Emily,EU
Emma,EU
Hannah,EU
Helena,EU
Isabella,EU
Jana,EU
Jasmin,EU
Johanna,EU
Julia,EU
Katharina,EU
Lara,EU
Laura,EU
Lea,EU
Lena,EU
Leonie,EU
Lilly,EU
Lisa,EU
Luisa,EU
Magdalena,EU
Maja,EU
Marie,EU
Marlene,EU
Melanie,EU
Mia,EU
Natalie,EU
Nina,EU
Nora,EU
Paula,EU
Pia,EU
Sarah,EU
Selina,EU
Sophia,EU
Sophie,EU
Valentina,EU
Viktoria,EU
Abby,NA
Andrea,NA
Anita,NA
Bimini,NA
Charo,NA
Darshan,NA
Deja,NA
Denesha,NA
Gracie,NA
Jodi,NA
Kaylyn,NA
Lennisha,NA
Marie,NA
Melissa,NA
Priscilla,NA
Randisha,NA
Renessa,NA
Seaneka,NA
Shakara,NA
Taja,NA
Teresa,NA
Tonique,NA
Durba,AS
Gangajal,AS
Kedarika,AS
Kinkari,AS
Mishita,AS
Naisha,AS
Piyali,AS
Ruli,AS
Suravi,AS
Amandine,EU
Anais,EU
Anke,EU
Anouk,EU
Aurelie,EU
Axelle,EU
Britt,EU
Camille,EU
Celine,EU
Delphine,EU
Eline,EU
Elisa,EU
Elise,EU
Elodie,EU
Emilie,EU
Emma,EU
Eva,EU
Femke,EU
Fien,EU
Fleur,EU
Hannah,EU
Hanne,EU
Ines,EU
Jade,EU
Jana,EU
Jolien,EU
Julie,EU
Juliette,EU
Kaat,EU
Kato,EU
Lea,EU
Lore,EU
Lotte,EU
Louise,EU
Lucie,EU
Luna,EU
Manon,EU
Margaux,EU
Margot,EU
Marie,EU
Marine,EU
Morgane,EU
Noemie,EU
Oceane,EU
Sara,EU
Silke,EU
Yasmine,EU
Zoe,EU
Alexandra,SA
Alison,SA
Ana,SA
Anny,SA
Aracely,SA
Areli,SA
Ariane,SA
Brenda,SA
Cindy,SA
Daniela,SA
Deyla,SA
Dora,SA
Elaine,SA
Eliana,SA
Elizabeth,SA
Evelin,SA
Fabiola,SA
Fernanda,SA
Gabriela,SA
Geraldine,SA
Heidy,SA
Helen,SA
Jean Carla,SA
Kelly,SA
Laura,SA
Lilian,SA
Lizbeth,SA
Luz,SA
Mariam,SA
Marisol,SA
Maritza,SA
Mayra,SA
Melany,SA
Melina,SA
Michelle,SA
Nayeli,SA
Priscila,SA
Roxana,SA
Sandy,SA
Sonia,SA
Stephany,SA
Tatiana,SA
Valerie,SA
Vanessa,SA
Vania,SA
Yoselin,SA
Yuliana,SA
Alexia,SA
Aline,SA
Amanda,SA
Ana,SA
AnaClara,SA
Andressa,SA
Beatriz,SA
Bianca,SA
Brenda,SA
Bruna,SA
Camila,SA
Carla,SA
Carolina,SA
Caroline,SA
Clarice,SA
Cristina,SA
Daniela,SA
Fernanda,SA
Gabriela,SA
Giovanna,SA
Gisele,SA
Helena,SA
Isabella,SA
Isadora,SA
Juliana,SA
Lara,SA
Larissa,SA
Leticia,SA
Livia,SA
Luana,SA
Luiza,SA
Marcela,SA
Marcia,SA
Maria,SA
MariaEduarda,SA
Mariana,SA
Milena,SA
Natalia,SA
Nathalia,SA
Nayara,SA
Rafaela,SA
Raissa,SA
Raquel,SA
Sabrina,SA
Thais,SA
Victoria,SA
Vitoria,SA
Yasmin,SA
Abigail,NA
Agnes,NA
Alanis,NA
Alexa,NA
Alexandra,NA
Alice,NA
Alyssa,NA
Amanda,NA
Amber,NA
Amelia,NA
Amy,NA
Andrea,NA
Annabelle,NA
Aria,NA
Ariane,NA
Ashley,NA
Audrey,NA
Ava,NA
Avery,NA
Avril,NA
Bianca,NA
Brianna,NA
Brittany,NA
Brooklyn,NA
Camille,NA
Caroline,NA
Catherine,NA
Celine,NA
Charlotte,NA
Chelsea,NA
Chloe,NA
Claire,NA
Claudia,NA
Danielle,NA
Elizabeth,NA
Ella,NA
Ellen,NA
Emily,NA
Emma,NA
Erika,NA
Evangeline,NA
Evelyn,NA
Florence,NA
Gabrielle,NA
Grace,NA
Hailey,NA
Hannah,NA
Jade,NA
Jamie,NA
Jenna,NA
Jennifer,NA
Jessica,NA
Jilly,NA
Jordan,NA
Julianna,NA
Justine,NA
Kaitlyn,NA
Katie,NA
Kayla,NA
Kim,NA
Laura,NA
Laurie,NA
Lea,NA
Leah,NA
Lily,NA
Madison,NA
Marianne,NA
Marie,NA
Mary,NA
Maude,NA
Megan,NA
Mei Ling,NA
Melanie,NA
Melissa,NA
Mia,NA
Michelle,NA
Morgan,NA
Myriam,NA
Nicole,NA
Nina,NA
Olivia,NA
Pamela,NA
Portia,NA
Rachel,NA
Rebecca,NA
Romy,NA
Rosalie,NA
Roxanne,NA
Sabrina,NA
Sadie,NA
Samantha,NA
Sarah,NA
Scarlett,NA
Sophia,NA
Stephanie,NA
Sydney,NA
Taylor,NA
Traci,NA
Vanessa,NA
Vicky,NA
Victoria,NA
Yvonne,NA
Abril,SA
Agustina,SA
Amanda,SA
Ana,SA
Antonella,SA
Antonia,SA
Brenda,SA
Camila,SA
Catalina,SA
Constanza,SA
Consuela,SA
Elisabet,SA
Emilia,SA
Emily,SA
Eva,SA
Fernanda,SA
Flor,SA
Florencia,SA
Francisca,SA
Gloria,SA
Guadalupe,SA
Ignacia,SA
Isabella,SA
Isidora,SA
Ivanna,SA
Javiera,SA
Josefa,SA
Julieta,SA
Laura,SA
Lizbeth,SA
Lorena,SA
Macarena,SA
Maite,SA
Maria,SA
Martina,SA
Matilda,SA
Mia,SA
Michelle,SA
Morena,SA
Nora,SA
Octavia,SA
Paulina,SA
Paulina,SA
Renata,SA
Sofia,SA
Tatiana,SA
Tia,SA
Trinidad,SA
Valentina,SA
Valerie,SA
Victoria,SA
Ah Cy,AS
Ah Kum,AS
Ah Lam,AS
Ai,AS
An,AS
Bao,AS
Baozhai,AS
Biyu,AS
Bo,AS
Changchang,AS
Changying,AS
Chenguang,AS
China,AS
Chu Hua,AS
Chuntao,AS
Cuifen,AS
Daiyu,AS
Dandan,AS
Dongmei,AS
Ehuang,AS
Fang,AS
Fenfang,AS
Hong,AS
Hualing,AS
Huan,AS
Huidai,AS
Huifang,AS
Huiqing,AS
Huizhong,AS
Jia,AS
Jiao,AS
Jiayi,AS
Jie,AS
Jing,AS
Jinghua,AS
Juan,AS
Jun,AS
Lan,AS
Lanying,AS
Lee,AS
Li,AS
Lien,AS
Lihua,AS
Lijuan,AS
Liling,AS
Lin,AS
Linh,AS
Liqiu,AS
Luli,AS
Mani,AS
Mei,AS
Meifeng,AS
Meilin,AS
Meirong,AS
Meiying,AS
Mingxia,AS
Ning,AS
Ninghong,AS
Nuo,AS
Nuwa,AS
Peizhi,AS
Ping,AS
Qiao,AS
Qing,AS
Qingling,AS
Qingzhao,AS
Renxiang,AS
Rong,AS
Ruomei,AS
Shu,AS
Shuang,AS
Shun,AS
Song,AS
Suyin,AS
Tao,AS
Ting,AS
Tu,AS
Ushi,AS
Wen,AS
Wenqian,AS
Xiang,AS
Xiaohui,AS
Xiaojing,AS
Xiaolian,AS
Xiaoling,AS
Xiaosheng,AS
Xiaotong,AS
Xiaowen,AS
Xiaozhi,AS
Xiu,AS
Xiulan,AS
Xiurong,AS
Xue,AS
Yan,AS
Yanlin,AS
Yanyu,AS
Yenay,AS
Ying,AS
Yingtai,AS
Yuan,AS
Yue,AS
Yuming,AS
Yunru,AS
Zhaohui,AS
Zhen,AS
Zhenzhen,AS
Zhu,AS
Zi,AS
Zongying,AS
Abril,SA
Adriana,SA
Alejandra,SA
Ana Sofia,SA
Andrea,SA
Antonella,SA
Astrid,SA
Camila,SA
Catalina,SA
Daniela,SA
Emilia,SA
Emma,SA
Fernanda,SA
Gabriela,SA
Isabella,SA
Juliana,SA
Julieta,SA
Karina,SA
Lizeth,SA
Lucia,SA
Luciana,SA
Lupe,SA
Manuela,SA
Maria,SA
Maria Fernanda,SA
Mariana,SA
Martina,SA
Mia,SA
Natalia,SA
Paola,SA
Regina,SA
Renata,SA
Salome,SA
Shakira,SA
Sofia,SA
Sonia,SA
Valentina,SA
Valeria,SA
Victoria,SA
Ximena,SA
Zoe,SA
Alejandra,NA
Aracely,NA
Arsenia,NA
Asuncion,NA
Benita,NA
Bianka,NA
Blanca,NA
Camila,NA
Cecy,NA
Ciara,NA
Dara,NA
Deysi,NA
Eida,NA
Elena,NA
Estefania,NA
Eva,NA
Fabiola,NA
Fernanda,NA
Gabriela,NA
Geovana,NA
Isabel,NA
Isamar,NA
Ivania,NA
Ivelis,NA
Jazmin,NA
Joselyn,NA
Josette,NA
Karina,NA
Lizbeth,NA
Lola,NA
Lucia,NA
Luciana,NA
Luisa,NA
Marcela,NA
Maria,NA
Marie,NA
Marisol,NA
Nathanly,NA
Pamela,NA
Paola,NA
Pilar,NA
Rosa,NA
Sofia,NA
Teresa,NA
Ximena,NA
Yaritza,NA
Yoselin,NA
Yuliana,NA
Adamina,NA
Aleid,NA
Aleida,NA
Aleyna,NA
Alianne,NA
Aliet,NA
Anay,NA
Annalie,NA
Annia,NA
Arianna,NA
Carolina,NA
Claudia,NA
Daimy,NA
Daisy,NA
Daylen,NA
Daylin,NA
Diana,NA
Dianelys,NA
Elianne,NA
Elienay,NA
Elizabeth,NA
Emely,NA
Gabriela,NA
Gillian,NA
Hanny,NA
Idania,NA
Irela,NA
Irena,NA
Ivet,NA
Ivia,NA
Kamila,NA
Keilan,NA
Laritza,NA
Lartiza,NA
Laura,NA
Lauren,NA
Lili,NA
Lilliam,NA
Liset,NA
Lismary,NA
Lissandra,NA
Lissette,NA
Liz,NA
Loraine,NA
Malu,NA
Mariam,NA
Marise,NA
Marlene,NA
Maydelis,NA
Maylin,NA
Odalys,NA
Rachel,NA
Vida,NA
Yadira,NA
Yanara,NA
Yvette,NA
Adel,EU
Adela,EU
Aja,EU
Andrea,EU
Anet,EU
Anezka,EU
Anna,EU
Bara,EU
Barbora,EU
Bety,EU
Dana,EU
Denisa,EU
Ema,EU
Hana,EU
Hanka,EU
Hannah,EU
Ivana,EU
Jana,EU
Jitka,EU
Kamila,EU
Karolina,EU
Katerina,EU
Katka,EU
Klara,EU
Kristyna,EU
Lenka,EU
Lia,EU
Lucie,EU
Lucka,EU
Martina,EU
Michaela,EU
Misa,EU
Monika,EU
Nikol,EU
Nikola,EU
Pavlina,EU
Petra,EU
Radka,EU
Ruslana,EU
Sara,EU
Sarka,EU
Simona,EU
Tereza,EU
Vendula,EU
Vera,EU
Veronika,EU
Zdenka,EU
Zuzana,EU
Alberte,EU
Amalie,EU
Amanda,EU
Anna,EU
Astrid,EU
Camilla,EU
Caroline,EU
Cecilie,EU
Clara,EU
Ella,EU
Emilie,EU
Emily,EU
Emma,EU
Freya,EU
Frida,EU
Ida,EU
Isabella,EU
Johanne,EU
Josephine,EU
Julie,EU
Karoline,EU
Kathrine,EU
Katrine,EU
Laura,EU
Lea,EU
Line,EU
Louise,EU
Luna,EU
Maja,EU
Malou,EU
Maria,EU
Marie,EU
Mathilde,EU
Matilde,EU
Michelle,EU
Mie,EU
Mille,EU
Nanna,EU
Natasja,EU
Olivia,EU
Sara,EU
Sarah,EU
Signe,EU
Sille,EU
Sofie,EU
Stephanie,EU
Tanja,EU
Trine,EU
Victoria,EU
Abril,NA
Agostina,NA
Alai,NA
Aldana,NA
Aniela,NA
Ariana,NA
Astrid,NA
Belen,NA
Bianca,NA
Brisa,NA
Candela,NA
Carina,NA
Cecilia,NA
Celina,NA
Dana,NA
Estefania,NA
Fatima,NA
Fernanda,NA
Gabriela,NA
Gisela,NA
Ibel,NA
Jorgelina,NA
Kiara,NA
Lara,NA
Leisa,NA
Leysa,NA
Lourdes,NA
Luana,NA
Lucia,NA
Lujan,NA
Marcela,NA
Mariela,NA
Paola,NA
Pilar,NA
Selene,NA
Sol,NA
Tiara,NA
Valentina,NA
Victoria,NA
Violetta,NA
Vita,NA
Yamila,NA
Yazmin,NA
Yesica,NA
Yuliana,NA
Badinabi,AF
Balela,AF
Bashisha,AF
Dimena,AF
Disanka,AF
Divine,AF
Exaucee,AF
Kamina,AF
Kapia,AF
Kayipu,AF
Lubuya,AF
Lusamba,AF
Malundama,AF
Mulamba,AF
Munia,AF
Ndaya,AF
Sephora,AF
Shako,AF
Alejandra,SA
Ana,SA
Ariana,SA
Bernita,SA
Bianka,SA
Brigitte,SA
Camila,SA
Carmen,SA
Cinthya,SA
Cristina,SA
Dagmar,SA
Daniela,SA
Domenica,SA
Elena,SA
Eliana,SA
Emely,SA
Estefania,SA
Fernanda,SA
Geovana,SA
Idania,SA
Jessenia,SA
Johanna,SA
Joselyn,SA
Kristel,SA
Ligia,SA
Lilibeth,SA
Litzy,SA
Lizbeth,SA
Magaly,SA
Maritza,SA
Maylin,SA
Mayra,SA
Melanya,SA
Mirka,SA
Mishel,SA
Nathaly,SA
Nayeli,SA
Nayely,SA
Nohely,SA
Odalys,SA
Pilar,SA
Sahian,SA
Sailenis,SA
Tania,SA
Yaritza,SA
Yomira,SA
Zuleyka,SA
Abby,AF
Aliaa,AF
Alima,AF
Amal,AF
Ameera,AF
Aya,AF
Ayah,AF
Bassant,AF
Chavi,AF
Cleopatra,AF
Dalia,AF
Dina,AF
Donya,AF
Ehsan,AF
Faten,AF
Femi,AF
Galela,AF
Gameela,AF
Heba,AF
Ife,AF
Iman,AF
Jehan,AF
Lapis,AF
Mai,AF
Marwa,AF
Menna,AF
Meroo,AF
Miria,AF
Misoon,AF
Muminah,AF
Nada,AF
Nadeen,AF
Nagwa,AF
Nannosa,AF
Nefertiti,AF
Nehad,AF
Nesma,AF
Noha,AF
Norhan,AF
Nubia,AF
Olabisis,AF
Rania,AF
Rasha,AF
Salama,AF
Salwa,AF
Sarah,AF
Shani,AF
Sohaila,AF
Theoris,AF
Umayma,AF
Urbi,AF
Adeele,EU
Alice,EU
Amalie,EU
Anastasia,EU
Annaliisa,EU
Annika,EU
Britt,EU
Carmen,EU
Diana,EU
Eliisa,EU
Emily,EU
Emma,EU
Grete,EU
Haly,EU
Hanna,EU
Helena,EU
Ida,EU
Jelena,EU
Karin,EU
Katariina,EU
Katarina,EU
Kati,EU
Katrin,EU
Kelli,EU
Kersti,EU
Krissu,EU
Kristel,EU
Kristiina,EU
Laura,EU
Liisa,EU
Liisi,EU
Lilli,EU
Lisa,EU
Lisanna,EU
Lisette,EU
Lorri,EU
MariLiis,EU
Maria,EU
Marika,EU
Meeri,EU
Merili,EU
Reelika,EU
Rei,EU
Sandra,EU
Sirle,EU
Stacy,EU
Stella,EU
Tiina,EU
Triin,EU
Viktoria,EU
Adanech,AF
Adia,AF
Alemnesh,AF
Aster,AF
Aya,AF
Biftu,AF
Eden,AF
Emnet,AF
Enku,AF
Gadise,AF
Genzebe,AF
Lielit,AF
Liya,AF
Anna,EU
Elli,EU
Emma,EU
Hanna,EU
Heidi,EU
Ida,EU
Inka,EU
Jasmin,EU
Jenni,EU
Julia,EU
Maria,EU
Milla,EU
Nina,EU
Pinja,EU
Roosa,EU
Salla,EU
Sofia,EU
Suvi,EU
Wilma,EU
Adele,EU
Agathe,EU
Alice,EU
Alix,EU
Anna,EU
Apolline,EU
Ava,EU
Avril,EU
Brigitte,EU
Camille,EU
Charlotte,EU
Chloe,EU
Clara,EU
Coco,EU
Elsa,EU
Emma,EU
Eva,EU
Gabrielle,EU
Heloise,EU
Ines,EU
Iris,EU
Isabella,EU
Jade,EU
Jeanne,EU
Josephine,EU
Juliette,EU
Lea,EU
Lina,EU
Lou,EU
Louise,EU
Lucie,EU
Manon,EU
Margaux,EU
Margot,EU
Marie,EU
Mathilde,EU
Mila,EU
Natalie,EU
Nina,EU
Nour,EU
Olivia,EU
Romane,EU
Romy,EU
Rose,EU
Sarah,EU
Sofia,EU
Suzanne,EU
Valentine,EU
Victoria,EU
Zoe,EU
Alina,EU
Amelie,EU
Amy,EU
Anke,EU
Annabell,EU
Anne,EU
Anni,EU
Annika,EU
Antonia,EU
Carla,EU
Carlotta,EU
Chiara,EU
Clara,EU
Elena,EU
Elina,EU
Elisa,EU
Elli,EU
Emely,EU
Emilia,EU
Emma,EU
Evchen,EU
Fabienne,EU
Finja,EU
Fiona,EU
Franziska,EU
Freda,EU
Frieda,EU
Fritzi,EU
Greta,EU
Hannah,EU
Hanne,EU
Helena,EU
Helma,EU
Hilda,EU
Ida,EU
Isabell,EU
Isabella,EU
Jana,EU
Jasmin,EU
Johanna,EU
Josephina,EU
Jule,EU
Julia,EU
Juna,EU
Katharina,EU
Lara,EU
Laura,EU
Lea,EU
Lena,EU
Leni,EU
Leonie,EU
Lia,EU
Liesa,EU
Lilie,EU
Lilly,EU
Lina,EU
Linchen,EU
Lisa,EU
Lotta,EU
Lucy,EU
Luisa,EU
Luise,EU
Luna,EU
Magda,EU
Magdalena,EU
Maja,EU
Mara,EU
Mareike,EU
Maria,EU
Marie,EU
Marlene,EU
Martha,EU
Mathilda,EU
Melain,EU
Melina,EU
Merle,EU
Mia,EU
Milena,EU
Mina,EU
Mira,EU
Nele,EU
Nora,EU
Paula,EU
Pauline,EU
Pia,EU
Resel,EU
Romy,EU
Ronja,EU
Rosalie,EU
Selina,EU
Sophie,EU
Steffi,EU
Stella,EU
Thea,EU
Victoria,EU
Zoe,EU
Agnes,EU
Alexandra,EU
Anastasia,EU
Aneglika,EU
Angela,EU
Angie,EU
Anna,EU
Artemis,EU
Catherine,EU
Christina,EU
Chrysa,EU
Danae,EU
Despina,EU
Dimitra,EU
Dora,EU
Efi,EU
Eleftheria,EU
Eleni,EU
Elizabeth,EU
Eugenia,EU
Eva,EU
Evi,EU
Georgia,EU
Helen,EU
Irene,EU
Joanna,EU
Kate,EU
Katerina,EU
Katherine,EU
Konstantina,EU
Loanna,EU
Maria,EU
Marianna,EU
Mary,EU
Melina,EU
Myrto,EU
Nasia,EU
Nefeli,EU
Nicole,EU
Olga,EU
Rafaela,EU
Sofia,EU
Sophia,EU
Sophie,EU
Stella,EU
Theodora,EU
Vana,EU
Vasiliki,EU
Vera,EU
Vicky,EU
Zoe,EU
Ai,AS
Bai,AS
Bi,AS
Chang,AS
Chyou,AS
Diu,AS
Fan,AS
Fung,AS
Guang,AS
Huian,AS
Huifang,AS
Huilang,AS
Jiahui,AS
Jiao,AS
Jingfei,AS
Kwong,AS
Li qin,AS
Lian,AS
Liling,AS
Linqin,AS
Luli,AS
Meiying,AS
Mingmei,AS
Niu,AS
Nuo,AS
Peizhi,AS
Qiang,AS
Rong,AS
Shan,AS
Shuchun,AS
Teegan,AS
Ting,AS
Wan,AS
Wei,AS
Xiang,AS
Xiaofan,AS
Xiaohui,AS
Xiu,AS
Yan,AS
Yanyu,AS
Yingtai,AS
Yuan,AS
Yubi,AS
Yuke,AS
Yun,AS
Zhilan,AS
Zhu,AS
Zi,AS
Zongying,AS
Adinda,AS
Adiratna,AS
Aisyah,AS
Alya,AS
Amalia,AS
Amisha,AS
Angkasa,AS
Annisa,AS
Aulia,AS
Ayu,AS
Bella,AS
Budiwati,AS
Bulan,AS
Cahya,AS
Cindy,AS
Citra,AS
Defi,AS
Dewi,AS
Diah,AS
Dian,AS
Dina,AS
Dinda,AS
Dini,AS
Eka,AS
Elok,AS
Endah,AS
Eva,AS
Fani,AS
Farah,AS
Gemi,AS
Gita,AS
Guritno,AS
Hana,AS
Harum,AS
Icha,AS
Imelda,AS
Indah,AS
Inten,AS
Irene,AS
Jayachandra,AS
Kemala,AS
Kemuning,AS
Kezia,AS
Kristiyana,AS
Legi,AS
Lia,AS
Maharani,AS
Maria,AS
Marshanda,AS
Mawar,AS
Maya,AS
Mega,AS
Mentari,AS
Merpati,AS
Misrina,AS
Murni,AS
Mustika,AS
Nabila,AS
Nadira,AS
Nadya,AS
Nanda,AS
Ndari,AS
Ningrat,AS
Ningrum,AS
Nisa,AS
Novi,AS
Novita,AS
Nur,AS
Nurul,AS
Permata,AS
Pertiwi,AS
Puspita,AS
Putri,AS
Rara,AS
Ratih,AS
Ratu,AS
Rika,AS
Sarah,AS
Sari,AS
Sarwendah,AS
Sella,AS
Setiawati,AS
Shinta,AS
Siti,AS
Susil,AS
Syifa,AS
Taman,AS
Tasya,AS
Tika,AS
Utama,AS
Vania,AS
Vina,AS
Wangi,AS
Wening,AS
Wulan,AS
Adara,AS
Adra,AS
Almira,AS
Ulima,AS
Uzza,AS
Walad,AS
Zahra,AS
Zuleima,AS
Alice,EU
Amelia,EU
Amy,EU
Aoife,EU
Ava,EU
Caoimhe,EU
Cara,EU
Carrie,EU
Chloe,EU
Ciara,EU
Clodagh,EU
Ella,EU
Ellie,EU
Emily,EU
Emma,EU
Erin,EU
Eva,EU
Eve,EU
Faye,EU
Fiadh,EU
Freya,EU
Grace,EU
Hannah,EU
Holly,EU
Isabella,EU
Isabelle,EU
Jessica,EU
Kate,EU
Katie,EU
Laura,EU
Lauren,EU
Layla,EU
Leah,EU
Lily,EU
Lucy,EU
Mia,EU
Molly,EU
Nia,EU
Niamh,EU
Olivia,EU
Peggy,EU
Rachel,EU
Robyn,EU
Roisin,EU
Ruby,EU
Sadie,EU
Saoirse,EU
Sarah,EU
Sinead,EU
Sophia,EU
Sophie,EU
Zoe,EU
Adele,AS
Ariela,AS
Avigail,AS
Baila,AS
Chaya,AS
Dafna,AS
Drorit,AS
Eina,AS
Ella,AS
Eva,AS
Gazit,AS
Gilla,AS
Golda,AS
Hadasa,AS
Hadassah,AS
Karin,AS
Leah,AS
Lee,AS
Liat,AS
Mai,AS
Matiana,AS
Mazal,AS
Mili,AS
Miriam,AS
Neora,AS
Netali,AS
Noa,AS
Oshrit,AS
Racheli,AS
Ronit,AS
Ronnie,AS
Sarah,AS
Sharona,AS
Shifra,AS
Shira,AS
Shlomit,AS
Sigal,AS
Smadar,AS
Tal,AS
Talia,AS
Tamar,AS
Tikva,AS
Tzilla,AS
Tzofit,AS
Varda,AS
Yael,AS
Yahel,AS
Alessandra,EU
Alessia,EU
Alice,EU
Allegra,EU
Angelica,EU
Anita,EU
Anna,EU
Arianna,EU
Aurora,EU
Beatrice,EU
Benedetta,EU
Bianca,EU
Camilla,EU
Carlotta,EU
Caterina,EU
Donatella,EU
Elena,EU
Eleonora,EU
Elisa,EU
Emily,EU
Emma,EU
Eva,EU
Francesca,EU
Gabriella,EU
Gaia,EU
Giada,EU
Ginevra,EU
Gioia,EU
Girogia Giorgia,EU
Giulia,EU
Greta,EU
Ilaria,EU
Irene,EU
Isabella,EU
Laura,EU
Ludovica,EU
Laura,EU
Margherita,EU
Maria,EU
Marta,EU
Martina,EU
Marzia,EU
Matilde,EU
Melissa,EU
Mia,EU
Miriam,EU
Monica,EU
Mya,EU
Nadia,EU
Nicole,EU
Noemi,EU
Rebecca,EU
Rosa,EU
Sara,EU
Serena,EU
Simonetta,EU
Sophia,EU
Stefania,EU
Valentina,EU
Viola,EU
Vittoria,EU
Airi,AS
Akari,AS
Anna,AS
Aoi,AS
Atsumi,AS
Ayaka,AS
Ayako,AS
Ayane,AS
Fuka,AS
Hana,AS
Haruka,AS
Hikaru,AS
Himari,AS
Hina,AS
Hinata,AS
Hiyori,AS
Honoka,AS
Ichika,AS
Kaho,AS
Kanon,AS
Karin,AS
Koharu,AS
Kokona,AS
Mai,AS
Mao,AS
Mei,AS
Mio,AS
Misaki,AS
Mitski,AS
Miyu,AS
Momoka,AS
Nana,AS
Nanami,AS
Natsuki,AS
Noa,AS
Reina,AS
Ria,AS
Riko,AS
Rin,AS
Rinko,AS
Rino,AS
Rio,AS
Risa,AS
Ruka,AS
Saki,AS
Sakura,AS
Sana,AS
Sara,AS
Shiori,AS
Yui,AS
Yukari,AS
Yuki,AS
Yume,AS
Yuna,AS
Yuzuki,AS
Abida,AS
Afia,AS
Afifa,AS
Amira,AS
Arwa,AS
Azhaar,AS
Azra,AS
Badriya,AS
Bahja,AS
Bashair,AS
Basima,AS
Batul,AS
Bushra,AS
Dalal,AS
Hajar,AS
Husna,AS
Inas,AS
Itimad,AS
Rabab,AS
Aisar,AS
Aishah,AS
Alya,AS
Amalia,AS
Aminah,AS
Anira,AS
Aniyah,AS
Arissa,AS
Asmira,AS
Auni,AS
Azura,AS
Batrisyia,AS
Carmen,AS
Charrelly,AS
Cheryl,AS
Cici,AS
Dewi,AS
Deysi,AS
Dhia,AS
Elaine,AS
Elfi,AS
Elsa,AS
Emira,AS
Ernawati,AS
Erny,AS
Essa,AS
Fenny,AS
Fifi,AS
Fira,AS
Hanifa,AS
Helilyta,AS
Herlina,AS
Humaira,AS
Ika,AS
Intan,AS
Izzah,AS
Izzara,AS
Karen,AS
Keisha,AS
Kim,AS
Levina,AS
Lidwina,AS
Lim,AS
Mardiana,AS
Maryam,AS
Maya,AS
Michelle,AS
Mira,AS
Nabilah,AS
Nadia,AS
Nadrah,AS
Najwa,AS
Natasha,AS
Nayla,AS
Nazli,AS
Nor,AS
Nurin,AS
Prisca,AS
Racha,AS
Rachel,AS
Raihana,AS
Ratna,AS
Raudhatul,AS
Rini,AS
Safa,AS
Safiya,AS
Sakinah,AS
Shima,AS
Siti,AS
Suhaidah,AS
Suhana,AS
Syahira,AS
Syuhada,AS
Wani,AS
Wardina,AS
Wawa,AS
Yana,AS
Yanti,AS
Yaya,AS
Yvonne,AS
Zafirah,AS
Adriana,NA
Alejandra,NA
Alexia,NA
Ana Maria,NA
Andrea,NA
Angela,NA
Araceli,NA
Eliana,NA
Elizabeth,NA
Elsa,NA
Estrella,NA
Eva,NA
Francisca,NA
Frida,NA
Gabriela,NA
Gloria,NA
Jazmin,NA
Josefina,NA
Juana,NA
Juliana,NA
Leticia,NA
Lia,NA
Lila,NA
Margarita,NA
Maria,NA
Maria Elena,NA
Maria Guadalupe,NA
Maria Isabel,NA
Mariangel,NA
Martha,NA
Morena,NA
Patricia,NA
Regina,NA
Rene,NA
Rosa,NA
Rosa Maria,NA
Silvia,NA
Sofia,NA
Stephanie,NA
Teresa,NA
Valentina,NA
Veronica,NA
Ximena,NA
Yolanda,NA
Yvonne,NA
Adele,EU
Agathe,EU
Anna,EU
Cecile,EU
Chiara,EU
Chloe,EU
Christelle,EU
Elodie,EU
Elsa,EU
Emma,EU
Eva,EU
Fiona,EU
Francesca,EU
Gabriel,EU
Gabriella,EU
Greta,EU
Heloise,EU
Hera,EU
Ines,EU
Iris,EU
Jade,EU
Joana,EU
Josephine,EU
Julia,EU
Juliette,EU
Ladina,EU
Lola,EU
Louise,EU
Lucie,EU
Ludovica,EU
Luisa,EU
Margaux,EU
Margherita,EU
Martina,EU
Marzia,EU
Mathilde,EU
Milane,EU
Olivia,EU
Serena,EU
Simonetta,EU
Sofia,EU
Tanja,EU
Valentine,EU
Victoria,EU
Altansarnai,AS
Arban,AS
Badma,AS
Bayarmaa,AS
Bolormaa,AS
Borte,AS
Chimeg,AS
Chinua,AS
Enkhjargal,AS
Enkhtuya,AS
Erdenetungalag,AS
Erhi,AS
Esen,AS
Gan,AS
Gerel,AS
Geriel,AS
Ghaghaan,AS
Khenbish,AS
Khongordzol,AS
Khulan,AS
Khunbish,AS
Medekhgui,AS
Monkh Erdene,AS
Munkhsetseg,AS
Naimanzuunnadintsetseg,AS
Nekhii,AS
Naran,AS
Narangerel,AS
Narantsetseg,AS
Narantuyaa,AS
Od,AS
Odgerel,AS
Odgorel,AS
Odval,AS
Ogtbish,AS
Odtsetseg,AS
Orunchimeg,AS
Oyunchimeg,AS
Qacha,AS
Qadan,AS
Saran,AS
Sarantsatsral,AS
Sarnai,AS
Taban,AS
Tsetseg,AS
Tuya,AS
Uranchimeg,AS
Yisu,AS
Amal,AF
Bouchra,AF
Ibtissam,AF
Khaoula,AF
Nisrine,AF
Rania,AF
Amy,EU
Anna,EU
Anne,EU
Benthe,EU
Charlotte,EU
Daisy,EU
Doutzen,EU
Elin,EU
Emily,EU
Emma,EU
Esmee,EU
Eva,EU
Evelien,EU
Evi,EU
Feline,EU
Femke,EU
Fenna,EU
Fleur,EU
Hannah,EU
Hilde,EU
Isa,EU
Jasmijn,EU
Jill,EU
Julie,EU
Lauren,EU
Lianne,EU
Lieke,EU
Lisa,EU
Liv,EU
Liz,EU
Lois,EU
Lotte,EU
Marta,EU
Maud,EU
Mila,EU
Milou,EU
Naomi,EU
Nikkie,EU
Nina,EU
Noa,EU
Noor,EU
Norah,EU
Nova,EU
Olivia,EU
Roos,EU
Saar,EU
Sanne,EU
Sarah,EU
Sascha,EU
Sophie,EU
Veerle,EU
Yara,EU
Zoe,EU
Aaria,OC
Amaia,OC
Amelia,OC
Ana,OC
Anahera,OC
Aria,OC
Aroha,OC
Ashley,OC
Ava,OC
Awhina,OC
Brooklyn,OC
Charlotte,OC
Chloe,OC
Ella,OC
Emma,OC
Eva,OC
Evelyn,OC
Evie,OC
Georgia,OC
Grace,OC
Hannah,OC
Harper,OC
Hazel,OC
Holly,OC
Isabelle,OC
Isla,OC
Ivy,OC
Jessica,OC
Kahurangi,OC
Kaia,OC
Kara,OC
Kora,OC
Laura,OC
Lily,OC
Lucy,OC
Maia,OC
Manawa,OC
Mia,OC
Mila,OC
Paige,OC
Pamela,OC
Rose,OC
Ruby,OC
Rui,OC
Samantha,OC
Scarlett,OC
Sophie,OC
Stacey,OC
Tia,OC
Tui,OC
Valerie,OC
Willow,OC
Zoe,OC
Adaeze,AF
Adaezennaya,AF
Adamma,AF
Amachey,AF
Amachi,AF
Anuli,AF
Chichi,AF
Chidie,AF
Chidy,AF
Chimaijem,AF
Chinonso,AF
Chinweike,AF
Chinwendu,AF
Chinweuba,AF
Chukwudi,AF
Daluchneke,AF
Ekenedilichukwu,AF
Eshe,AF
Funanya,AF
Ifunanya,AF
Iweobeigbulam,AF
Maduabuchim,AF
Ndidi,AF
Nkiru,AF
Ogechi,AF
Onyekachukwu,AF
Uchena,AF
Udo,AF
Ula,AF
Uzochukwu,AF
Yobanna,AF
Zikoranaudodimma,AF
Anita,EU
Ann,EU
Anna,EU
Anne,EU
Ase,EU
Astrid,EU
Aud,EU
Aurora,EU
Bente,EU
Bjorg,EU
Camilla,EU
Elin,EU
Elisabeth,EU
Eva,EU
Gerd,EU
Hanne,EU
Hege,EU
Heidi,EU
Hilde,EU
Ida,EU
Inger,EU
Ingrid,EU
Jorunn,EU
Kari,EU
Karin,EU
Kristin,EU
Kristine,EU
Laila,EU
Linda,EU
Liv,EU
Mari,EU
Marianne,EU
Marie,EU
Marit,EU
Mona,EU
Monica,EU
Nina,EU
Ragnhild,EU
Randi,EU
Reidun,EU
Ruth,EU
Silje,EU
Sissel,EU
Solveig,EU
Tone,EU
Turid,EU
Wenche,EU
Alaya,AS
Anaya,AS
Ayyubia,AS
Benazir,AS
Daumaa,AS
Hukayman,AS
Muzhirah,AS
Zaweela,AS
Adaiah,NA
Aliah,NA
Allys,NA
Angeli,NA
Angeline,NA
Angely,NA
Betsy,NA
Dalys,NA
Daphne,NA
Daylin,NA
Deyka,NA
Eimy,NA
Elsie,NA
Emely,NA
Grace,NA
Hillary,NA
Ilka,NA
Iriana,NA
Ivania,NA
Izel,NA
Jahdai,NA
Jania,NA
Jasiel,NA
Jasmina,NA
Johanis,NA
Kayra,NA
Keitlyn,NA
Kendra,NA
Keshia,NA
Larissa,NA
Linette,NA
Liz,NA
Mariam,NA
Maybelline,NA
Melanie,NA
Melany,NA
Mireya,NA
Mitzi,NA
Nathaly,NA
Omaira,NA
Oris,NA
Paulette,NA
Rachel,NA
Robelis,NA
Rosetta,NA
Saskia,NA
Valerie,NA
Yahaira,NA
Yamaris,NA
Yarelis,NA
Yaris,NA
Yaritza,NA
Yaritzel,NA
Zuleyka,NA
Alessa,SA
Alessandra,SA
Andrea,SA
Anita,SA
Azucena,SA
Beatriz,SA
Carito,SA
Chio,SA
Cristina,SA
Cynthia,SA
Daniela,SA
Elena,SA
Esperanza,SA
Evelyn,SA
Fiorella,SA
Florencia,SA
Gabriela,SA
Gina,SA
Gladys,SA
Hilda,SA
Irene,SA
Isabel,SA
Jahaira,SA
Karen,SA
Karla,SA
Katharin,SA
Katia,SA
Keyla,SA
Liliana,SA
Lina,SA
Lisbeth,SA
Lorena,SA
Lucia,SA
Marcielo,SA
Maria,SA
Maria Alejandra,SA
Noelia,SA
Pilar,SA
Raquel,SA
Rebeca,SA
Rocio,SA
Rosa,SA
Roseangela,SA
Rosemary,SA
Sara,SA
Sofia,SA
Stephany,SA
Veronica,SA
Yessica,SA
Zoila,SA
Althea,AS
Amihan,AS
Amor,AS
Ana,AS
Analyn,AS
Andrea,AS
Angel,AS
Angelica,AS
Angeline,AS
Bea,AS
Beatrice,AS
Belen,AS
Benilda,AS
Bernadette,AS
Bituin,AS
Blessica,AS
Camille,AS
Candida,AS
Carla,AS
Carol,AS
Chesa,AS
Christine,AS
Claire,AS
Daisy,AS
Daniela,AS
Darna,AS
Diana,AS
Divina,AS
Diwata,AS
Edita,AS
Erica,AS
Estrellita,AS
Eugenia,AS
Faith,AS
Farah,AS
Fatima,AS
Fay,AS
Felicia,AS
Flordeliza,AS
Floribeth,AS
Gabriella,AS
Garnet,AS
Gemma,AS
Geneva,AS
Geraldine,AS
Gloria,AS
Grace,AS
Hannah,AS
Harmony,AS
Hazel,AS
Heidi,AS
Helen,AS
Honorata,AS
Ida,AS
Imelda,AS
Inez,AS
Ingrid,AS
Jane,AS
Janelle,AS
Jessa,AS
Karen,AS
Kimberly,AS
Liezel,AS
Ligaya,AS
Lilibeth,AS
Luahwati,AS
Luzviminda,AS
Mahalia,AS
Malaya,AS
Maria,AS
Marie,AS
Marisol,AS
Mary,AS
Mary Grace,AS
Mary Joy,AS
Michelle,AS
Nenita,AS
Patricia,AS
Perlah,AS
Princess,AS
Rosa,AS
Samantha,AS
Sampaguita,AS
Stephanie,AS
Tala,AS
Valerie,AS
Ana,EU
Andreia,EU
Anna,EU
Ariana,EU
Beatriz,EU
Carina,EU
Carlota,EU
Carolina,EU
Catarina,EU
Celia,EU
Cheila,EU
Daniela,EU
Eva,EU
Filipa,EU
Flavia,EU
Francisca,EU
Ines,EU
Isabel,EU
Jaciara,EU
Joana,EU
Lara,EU
Liah,EU
Liliana,EU
Luisa,EU
Mae,EU
Magda,EU
Mara,EU
Marcia,EU
Margarida,EU
Maria,EU
Mariana,EU
Marta,EU
Martha,EU
Maya,EU
Nadia,EU
Nara,EU
Patricia,EU
Pernette,EU
Raquel,EU
Rita,EU
Sabiha,EU
Sabine,EU
Sara,EU
Sofia,EU
Soraia,EU
Tatiana,EU
Teresa,EU
Vanda,EU
Vera,EU
Yuna,EU
Abril,NA
Adriana,NA
Alondra,NA
Amaia,NA
Annalisse,NA
Antonella,NA
Ariana,NA
Asuncion,NA
Beatriz,NA
Benita,NA
Bernicia,NA
Celestina,NA
Clarita,NA
Constanza,NA
Elisa,NA
Emilia,NA
Esmeralda,NA
Eva,NA
Genevalisse,NA
Isabel,NA
Isabella,NA
Ivelisse,NA
Jaslene,NA
Julia,NA
Karelma,NA
Luisa,NA
Luz,NA
Mara,NA
Maria,NA
Mariposa,NA
Marisol,NA
Marissa,NA
Maritza,NA
Mia,NA
Olinda,NA
Paloma,NA
Paulita,NA
Raina,NA
Ramona,NA
Risa,NA
Rosalinda,NA
Sofia,NA
Suelita,NA
Tonia,NA
Valentina,NA
Valeria,NA
Vanessa,NA
Yara,NA
Yuliana,NA
Adelina,EU
Alexandra,EU
Alice,EU
Alina,EU
Ana,EU
Anastasia,EU
Anca,EU
Andra,EU
Andrea,EU
Andreea,EU
Anna,EU
Bia,EU
Bianca,EU
Brigitta,EU
Carmen,EU
Clara,EU
Cristina,EU
Daniela,EU
Daria,EU
Denisa,EU
Diana,EU
Elena,EU
Emese,EU
Fruzsi,EU
Gabriela,EU
Geanina,EU
Georgiana,EU
Ioana,EU
Ionela,EU
Julia,EU
Laura,EU
Lavinia,EU
Lorena,EU
Maria,EU
Marie,EU
Mihaela,EU
Miruna,EU
Monica,EU
Oana,EU
Orsi,EU
Ralu,EU
Ramona,EU
Rena,EU
Sabina,EU
Sara,EU
Teodora,EU
Timea,EU
Timi,EU
Vanesa,EU
Akinfeeva,AS
Aleksandra,AS
Alina,AS
Alyona,AS
Ananyeva,AS
Anastasia,AS
Anna,AS
Arina,AS
Avdeyeva,AS
Ayn,AS
Chernova,AS
Chupalova,AS
Darya,AS
Dasha,AS
Diana,AS
Ekaterina,AS
Elizabeta,AS
Eva,AS
Ilyushina,AS
Irina,AS
Katerina,AS
Kira,AS
Korosukova,AS
Kosorukova,AS
Kristina,AS
Ksenia,AS
Kurdina,AS
Lilova,AS
Margarita,AS
Maria,AS
Milana,AS
Oksana,AS
Olga,AS
Petrova,AS
Polina,AS
Ruchkina,AS
Salkova,AS
Semichayevskaya,AS
Serpionova,AS
Shchedrina,AS
Siyanitsa,AS
Sofia,AS
Streltsova,AS
Svetlana,AS
Taisia,AS
Tsitsyanova,AS
Ulyana,AS
Valentina,AS
Varvara,AS
Vasilisa,AS
Vera,AS
Veronika,AS
Viktoria,AS
Yemelyanova,AS
Yulia,AS
Yuryeva,AS
Amatullah,AS
Kifaaya,AS
Muneefa,AS
Muzna,AS
Najlaa,AS
Rasheeqa,AS
Saamiqa,AS
Zaahira,AS
Alexis,AS
Alicia,AS
Amanda,AS
Ashley,AS
Beth,AS
Charmaine,AS
Cheryl,AS
Chloe,AS
Claudia,AS
Emily,AS
Esther,AS
Eunice,AS
Felicia,AS
Gladys,AS
Grace,AS
Hannah,AS
Hazel,AS
Iris,AS
Isabelle,AS
Iyana,AS
Jasmine,AS
Jean,AS
Jia En,AS
Jing Yi,AS
Joanne,AS
Joyce,AS
Karen,AS
Kelly,AS
Kim,AS
Kimberly,AS
Lim,AS
Michelle,AS
Min,AS
Mitchie,AS
Nasuha,AS
Natalie,AS
Nicole,AS
Nina,AS
Rachel,AS
Rebecca,AS
Samantha,AS
Sarah,AS
Sofia,AS
Sophie,AS
Tara,AS
Tuti,AS
Valerie,AS
Vanessa,AS
Yi Ling,AS
Amogelang,AF
Bokamoso,AF
Duduzile,AF
Gugulethu,AF
Haajarah,AF
Hannah,AF
Iminathi,AF
Jade,AF
Jessame,AF
Khaya,AF
Kwanele,AF
Lesedi,AF
Makhozazana,AF
Mbhali,AF
Njabulo,AF
Nomagugu,AF
Nothembi,AF
Precious,AF
Princess,AF
Rebecca,AF
Sarah,AF
Sibongile,AF
Sifiso,AF
Thandiwe,AF
Uju,AF
Zintwezinhle,AF
Chang Se,AS
Cho,AS
Cha Chun,AS
Daeun,AS
Goeun,AS
Haeun,AS
Hayoon,AS
Hak Chi,AS
Hwangbo Soon,AS
Hyon,AS
Jia,AS
Jiwoo,AS
Jiyoo,AS
Jung,AS
Kan Hyo,AS
Kang,AS
Kang Mi,AS
Kangjon Ji,AS
Kim Min,AS
Kok Sun,AS
Kong,AS
Kwon,AS
Kye Jung,AS
Kye Su,AS
Minseo,AS
Oh Ae,AS
Paeng Eun,AS
Po,AS
Paek,AS
Paek Un,AS
Pang,AS
Ran Jung,AS
Ryo Seung,AS
Ryon,AS
Seohyeon,AS
Seoyeon,AS
Seoyun,AS
Sin Ae,AS
Somin,AS
Sobong Seong,AS
Somun Chun,AS
Tak,AS
Tan Chun,AS
Taeyeon,AS
To Ji,AS
Tokko,AS
Uh Se,AS
Wi So,AS
Yon,AS
Yop Min,AS
Yun Hye,AS
sok Eul,AS
Abril,EU
Adriana,EU
Ainara,EU
Ainhoa,EU
Aitana,EU
Alba,EU
Alejandra,EU
Alicia,EU
Alma,EU
Ana,EU
Angela,EU
Ariadna,EU
Blanca,EU
Candela,EU
Carla,EU
Carlota,EU
Carmen,EU
Clara,EU
Claudia,EU
Daniela,EU
Elena,EU
Elsa,EU
Emma,EU
Ines,EU
Irene,EU
Isabella,EU
Jimena,EU
Julia,EU
Laia,EU
Laura,EU
Leire,EU
Leyre,EU
Lola,EU
Lucia,EU
Maria,EU
Marina,EU
Marta,EU
Martina,EU
Nerea,EU
Noa,EU
Nora,EU
Olivia,EU
Paula,EU
Penelope,EU
Rocio,EU
Sara,EU
Sofia,EU
Teresa,EU
Triana,EU
Valentina,EU
Valeria,EU
Vega,EU
Vera,EU
Agnes,EU
Alice,EU
Alicia,EU
Alma,EU
Alva,EU
Amanda,EU
Astrid,EU
Birgit,EU
Ebba,EU
Edith,EU
Elise,EU
Ella,EU
Ellen,EU
Ellie,EU
Elsa,EU
Elvira,EU
Emilia,EU
Emma,EU
Ester,EU
Felicia,EU
Freja,EU
Greta,EU
Ida,EU
Ines,EU
Ingrid,EU
Isabella,EU
Iza,EU
Julia,EU
Klara,EU
Kristina,EU
Leah,EU
Lilly,EU
Linnea,EU
Maja,EU
Matilda,EU
Meja,EU
Moa,EU
Molly,EU
Nellie,EU
Nora,EU
Nova,EU
Olivia,EU
Saga,EU
Sara,EU
Selma,EU
Signe,EU
Siri,EU
Sofia,EU
Stella,EU
Tuva,EU
Tyra,EU
Vera,EU
Wilma,EU
Zara,EU
Chiahui,AS
Chiajung,AS
Meiling,AS
Huiwen,AS
Peichun,AS
Shihting,AS
Shuching,AS
Suwei,AS
Wanting,AS
Weiting,AS
Yahan,AS
Yahui,AS
Yihsuan,AS
Duanphen,AS
Kulap,AS
Lawan,AS
Madee,AS
Malee,AS
Malivalaya,AS
Nan,AS
Pakpao,AS
Phitsamai,AS
Pimchan,AS
Sirikit,AS
Siriporn,AS
Tansanee,AS
Ada,AS
Asya,AS
Aysin,AS
Belinay,AS
Beren,AS
Buglem,AS
Buse,AS
Cemre,AS
Defne,AS
Derin,AS
Duru,AS
Ela,AS
Elanur,AS
Elif,AS
Elif Nur,AS
Emine,AS
Erva,AS
Esila,AS
Eslem,AS
Esma,AS
Esmanur,AS
Exrin,AS
Fatma,AS
Guner,AS
Hatice,AS
Hira,AS
Hira Nur,AS
Hiranur,AS
Irem,AS
Kubra,AS
Melek,AS
Melisa,AS
Merve,AS
Meryem,AS
Nehir,AS
Nisa,AS
Nisanur,AS
Rabia,AS
Servet,AS
Yagmur,AS
Yaren,AS
Zehra,AS
Zeynep,AS
Bohdana,EU
Julija,EU
Klarysa,EU
Lavra,EU
Natalka,EU
Nyura,EU
Olena,EU
Sofiya,EU
Yaryna,EU
Ada,EU
Alia,EU
Amber,EU
Amelia,EU
Amy,EU
Anna,EU
Annabelle,EU
Anne,EU
Audrey,EU
Aurora,EU
Ava,EU
Beatrice,EU
Bella,EU
Cara,EU
Charlotte,EU
Chelsea,EU
Chloe,EU
Clair,EU
Daisy,EU
Daphne,EU
Eleanor,EU
Eliza,EU
Elizabeth,EU
Ella,EU
Ellie,EU
Elsie,EU
Emilia,EU
Emily,EU
Emma,EU
Erin,EU
Eva,EU
Evelyn,EU
Fanny,EU
Felicity,EU
Fiona,EU
Florence,EU
Freya,EU
Gemma,EU
Georgia,EU
Grace,EU
Gracie,EU
Hallie,EU
Harper,EU
Harriet,EU
Heidi,EU
Helen,EU
Helena,EU
Holly,EU
Imogen,EU
Isabelle,EU
Isla,EU
Jade,EU
Jane,EU
Jasmine,EU
Jennifer,EU
Jessica,EU
Joan,EU
Kate,EU
Katrina,EU
Keira,EU
Lara,EU
Layla,EU
Leah,EU
Leonor,EU
Lexi,EU
Libby,EU
Lilly,EU
Lola,EU
Lottie,EU
Lucy,EU
Luna,EU
Madison,EU
Maggie,EU
Maisie,EU
Margaret,EU
Maria,EU
Martha,EU
Matilda,EU
Maviah,EU
Megan,EU
Mel,EU
Melissa,EU
Mercy,EU
Mia,EU
Mildred,EU
Millie,EU
Molly,EU
Nancy,EU
Naomi,EU
Natasha,EU
Penelope,EU
Phoebe,EU
Poppy,EU
Rebecca,EU
Regina,EU
Rita,EU
Robyn,EU
Rosie,EU
Ruby,EU
Sally,EU
Samantha,EU
Sara,EU
Sarah,EU
Scarlett,EU
Sienna,EU
Sofia,EU
Sophie,EU
Summer,EU
Thea,EU
Tilda,EU
Trisha,EU
Victoria,EU
Violet,EU
Willow,EU
Zara,EU
Zoe,EU
Aaliyah,NA
Abby,NA
Addison,NA
Aiesha,NA
Aisha,NA
Alexa,NA
Aliyah,NA
Ally,NA
Alyssa,NA
Amaya,NA
Angelica,NA
Anita,NA
Anna,NA
Arleen,NA
Asia,NA
Audrey,NA
Autumn,NA
Ava,NA
Avery,NA
Bailey,NA
Becky,NA
Bobbie Sue,NA
Bona,NA
Brittany,NA
Camila,NA
Carson,NA
Charlotte,NA
Cheyenne,NA
Claire,NA
Cruella,NA
Crystal,NA
Daniella,NA
Darlene,NA
Deja,NA
Desiree,NA
Destiny,NA
Dixie,NA
Elektra,NA
Ellie,NA
Emily,NA
Emma,NA
Erica,NA
Evelyn,NA
Farah,NA
Faith,NA
Gabrielle,NA
Genesis,NA
Genevieve,NA
Ginger,NA
Grace,NA
Hailey,NA
Hannah,NA
Heather,NA
Hillary,NA
Honey,NA
Imani,NA
Jade,NA
Jamila,NA
Jayla,NA
Jen,NA
Jenna,NA
Jennifer,NA
Jessalyn,NA
Jessica,NA
Julia,NA
Karen,NA
Kate,NA
Katie,NA
Kelly,NA
Kiara,NA
Krystal,NA
Laila,NA
Lanika,NA
Laquitta,NA
LaSondra,NA
Latoya,NA
Lauren,NA
Lily,NA
Lisa,NA
Lynn,NA
Maddie,NA
Madison,NA
Mariah,NA
Marilyn,NA
Martha,NA
Mary,NA
Mary Grace,NA
Mary Joe,NA
Mavis,NA
Megan,NA
Mia,NA
Michelle,NA
Mikiyah,NA
Miley,NA
Misty,NA
Molly,NA
Monica,NA
Nakita,NA
Naoki,NA
Natalie,NA
Nevaeh,NA
Nicole,NA
Nora,NA
Olivia,NA
Oprah,NA
Pamela,NA
Parker,NA
Payton,NA
Penelope,NA
Phoebe,NA
Precious,NA
Ramona,NA
Raven,NA
Rebel,NA
Riley,NA
Rita,NA
Sabrina,NA
Samantha,NA
Sandra,NA
Sara,NA
Serena,NA
Shaniqua,NA
Shauna,NA
Sierra,NA
Skylar,NA
Sophie,NA
Stephanie,NA
Susan,NA
Sydney,NA
Tasty,NA
Taylor,NA
Thalia,NA
Tia,NA
Tiara,NA
Tina,NA
Tisha,NA
Trinity,NA
Valeria,NA
Velma,NA
Veronica,NA
Victoria,NA
Violet,NA
Virginia,NA
Viviane,NA
Vivienne,NA
Wendy,NA
Whitney,NA
Zoe,NA
Agustina,SA
Alejandra,SA
Alexia,SA
Aliana,SA
Alma,SA
Ana Lucia,SA
Ana Maria,SA
Anabela,SA
Anahi,SA
Beatriz,SA
Camila,SA
Carolina,SA
Catalina,SA
Daniela,SA
Diana,SA
Emilia,SA
Estefani,SA
Fernanda,SA
Flor,SA
Florencia,SA
Gabriela,SA
Gimena,SA
Isabel,SA
Jamila,SA
Jimena,SA
Josefina,SA
Leticia,SA
Lourdes,SA
Lucia,SA
Luciana,SA
Luisa,SA
Magela,SA
Mahia,SA
Manuela,SA
Marcia,SA
Maria,SA
Marina,SA
Marti,SA
Martina,SA
Mia,SA
Priscila,SA
Selena,SA
Shanti,SA
Sofia,SA
Stefany,SA
Valentina,SA
Valeria,SA
Violeta,SA
Yamila,SA
Adriana,SA
Aitana,SA
Alexa,SA
Alina,SA
Alma,SA
Ana Paula,SA
Ana Sofia,SA
Aurora,SA
Bianca,SA
Catarina,SA
Cristina,SA
Delfina,SA
Eduarda,SA
Elisabet,SA
Gabriela,SA
Gaby,SA
Genesis,SA
Gloria,SA
Jazmin,SA
Juanita,SA
Julia,SA
Julieta,SA
Laura,SA
Linda,SA
Luciana,SA
Luisa,SA
Magdalena,SA
Maria,SA
Marisa,SA
Marisol,SA
Mia,SA
Miranda,SA
Paula,SA
Paz,SA
Pilar,SA
Priscila,SA
Renata,SA
Rosa,SA
Sara,SA
Serena,SA
Sofia,SA
Sophie,SA
Teresa,SA
Viviana,SA
Zarina,SA
An,AS
Be,AS
Bian,AS
Han,AS
Hang,AS
Huong,AS
Lan,AS
Loan,AS
Ngoc,AS
Ngon,AS
Nu,AS
Tien,AS
Tan,AS
Tuyet,AS
