AFN,Afghani,AF
EUR,Euro,AX
ALL,Lek,AL
DZD,Algerian Dinar,DZ
USD,US Dollar,AS
EUR,Euro,AD
AOA,Kwanza,AO
XCD,East Caribbean Dollar,AI
XCD,East Caribbean Dollar,AG
ARS,Argentine Peso,AR
AMD,Armenian Dram,AM
AWG,Aruban Florin,AW
AUD,Australian Dollar,AU
EUR,Euro,AT
AZN,Azerbaijan Manat,AZ
BSD,Bahamian Dollar,BS
BHD,Bahraini Dinar,BH
BDT,Taka,BD
BBD,Barbados Dollar,BB
BYN,Belarusian Ruble,BY
EUR,Euro,BE
BZD,Belize Dollar,BZ
XOF,CFA Franc BCEAO,BJ
BMD,Bermudian Dollar,BM
INR,Indian Rupee,BT
BTN,Ngultrum,BT
BOB,Boliviano,BO
BOV,Mvdol,BO
USD,US Dollar,BQ
BAM,Convertible Mark,BA
BWP,Pula,BW
NOK,Norwegian Krone,BV
BRL,Brazilian Real,BR
USD,US Dollar,IO
BND,Brunei Dollar,BN
BGN,Bulgarian Lev,BG
XOF,CFA Franc BCEAO,BF
BIF,Burundi Franc,BI
KHR,Riel,KH
XAF,CFA Franc BEAC,CM
CAD,Canadian Dollar,CA
KYD,Cayman Islands Dollar,KY
XAF,CFA Franc BEAC,CF
XAF,CFA Franc BEAC,TD
CLP,Chilean Peso,CL
CLF,Unidad de Fomento,CL
CNY,Yuan Renminbi,CN
AUD,Australian Dollar,CX
AUD,Australian Dollar,CC
COP,Colombian Peso,CO
COU,Unidad de Valor Real,CO
KMF,Comorian Franc,KM
CDF,Congolese Franc,CD
XAF,CFA Franc BEAC,CD
NZD,New Zealand Dollar,CK
CRC,Costa Rican Colon,CR
HRK,Kuna,HR
CUP,Cuban Peso,CU
CUC,Peso Convertible,CU
ANG,Netherlands Antillean Guilder,CW
EUR,Euro,CY
DKK,Danish Krone,DK
DJF,Djibouti Franc,DJ
XCD,East Caribbean Dollar,DM
DOP,Dominican Peso,DO
USD,US Dollar,EC
EGP,Egyptian Pound,EG
SVC,El Salvador Colon,SV
USD,US Dollar,SV
XAF,CFA Franc BEAC,GQ
ERN,Nakfa,ER
EUR,Euro,EE
ETB,Ethiopian Birr,ET
FKP,Falkland Islands Pound,FK
DKK,Danish Krone,FO
FJD,Fiji Dollar,FJ
EUR,Euro,FI
EUR,Euro,FR
EUR,Euro,GF
XPF,CFP Franc,PF
EUR,Euro,TF
XAF,CFA Franc BEAC,GA
GMD,Dalasi,GM
GEL,Lari,GE
EUR,Euro,DE
GHS,Ghana Cedi,GH
GIP,Gibraltar Pound,GI
EUR,Euro,GR
DKK,Danish Krone,GL
XCD,East Caribbean Dollar,GD
EUR,Euro,GP
USD,US Dollar,GU
GTQ,Quetzal,GT
GBP,Pound Sterling,GG
GNF,Guinean Franc,GN
XOF,CFA Franc BCEAO,GW
GYD,Guyana Dollar,GY
HTG,Gourde,HT
USD,US Dollar,HT
EUR,Euro,VA
HNL,Lempira,HN
HKD,Hong Kong Dollar,HK
HUF,Forint,HU
ISK,Iceland Krona,IS
INR,Indian Rupee,IN
IDR,Rupiah,ID
IRR,Iranian Rial,IR
IQD,Iraqi Dinar,IQ
EUR,Euro,IE
GBP,Pound Sterling,IM
ILS,New Israeli Sheqel,IL
EUR,Euro,IT
JMD,Jamaican Dollar,JM
JPY,Yen,JP
GBP,Pound Sterling,JE
JOD,Jordanian Dinar,JO
KZT,Tenge,KZ
KES,Kenyan Shilling,KE
AUD,Australian Dollar,KI
KPW,North Korean Won,KR
KRW,Won,KR
KWD,Kuwaiti Dinar,KW
LAK,Lao Kip,LA
EUR,Euro,LV
LBP,Lebanese Pound,LB
LSL,Loti,LS
ZAR,Rand,LS
LRD,Liberian Dollar,LR
CHF,Swiss Franc,LI
EUR,Euro,LT
EUR,Euro,LU
MOP,Pataca,MO
MGA,Malagasy Ariary,MG
MWK,Malawi Kwacha,MW
MYR,Malaysian Ringgit,MY
MVR,Rufiyaa,MV
XOF,CFA Franc BCEAO,ML
EUR,Euro,MT
USD,US Dollar,MH
EUR,Euro,MQ
MRU,Ouguiya,MR
MUR,Mauritius Rupee,MU
EUR,Euro,YT
MXN,Mexican Peso,MX
MXV,Mexican Unidad de Inversion (UDI),MX
USD,US Dollar,FM
MDL,Moldovan Leu,MD
EUR,Euro,MC
MNT,Tugrik,MN
EUR,Euro,ME
XCD,East Caribbean Dollar,MS
MAD,Moroccan Dirham,MA
MZN,Mozambique Metical,MZ
MMK,Kyat,MM
NAD,Namibia Dollar,NA
ZAR,Rand,NA
AUD,Australian Dollar,NR
NPR,Nepalese Rupee,NP
EUR,Euro,NL
XPF,CFP Franc,NC
NZD,New Zealand Dollar,NZ
NIO,Cordoba Oro,NI
XOF,CFA Franc BCEAO,NE
NGN,Naira,NG
NZD,New Zealand Dollar,NU
AUD,Australian Dollar,NF
USD,US Dollar,MP
NOK,Norwegian Krone,NO
OMR,Rial Omani,OM
PKR,Pakistan Rupee,PK
USD,US Dollar,PW
PAB,Balboa,PA
USD,US Dollar,PA
PGK,Kina,PG
PYG,Guarani,PY
PEN,Sol,PE
PHP,Philippine Peso,PH
PLN,Zloty,PL
EUR,Euro,PT
USD,US Dollar,PR
QAR,Qatari Rial,QA
RON,Romanian Leu,RO
RUB,Russian Ruble,RU
RWF,Rwanda Franc,RW
SHP,Saint Helena Pound,SH
XCD,East Caribbean Dollar,KN
XCD,East Caribbean Dollar,LC
EUR,Euro,MF
EUR,Euro,PM
XCD,East Caribbean Dollar,VC
WST,Tala,WS
EUR,Euro,SM
STN,Dobra,ST
SAR,Saudi Riyal,SA
XOF,CFA Franc BCEAO,SN
RSD,Serbian Dinar,RS
SCR,Seychelles Rupee,SC
SLL,Leone,SL
SGD,Singapore Dollar,SG
ANG,Netherlands Antillean Guilder,SX
EUR,Euro,SK
EUR,Euro,SI
SBD,Solomon Islands Dollar,SB
SOS,Somali Shilling,SO
ZAR,Rand,ZA
,No universal currency,GS
SSP,South Sudanese Pound,SS
EUR,Euro,ES
LKR,Sri Lanka Rupee,LK
SDG,Sudanese Pound,SD
SRD,Surinam Dollar,SR
SEK,Swedish Krona,SE
CHF,Swiss Franc,CH
CHE,WIR Euro,CH
CHW,WIR Franc,CH
SYP,Syrian Pound,SY
TWD,New Taiwan Dollar,TW
TJS,Somoni,TJ
TZS,Tanzanian Shilling,TZ
THB,Baht,TH
USD,US Dollar,TL
XOF,CFA Franc BCEAO,TG
NZD,New Zealand Dollar,TK
TOP,Pa'anga,TO
TTD,Trinidad and Tobago Dollar,TT
TND,Tunisian Dinar,TN
TRY,Turkish Lira,TR
TMT,Turkmenistan New Manat,TM
USD,US Dollar,TC
AUD,Australian Dollar,TV
UGX,Uganda Shilling,UG
UAH,Hryvnia,UA
AED,UAE Dirham,AE
USD,US Dollar,UM
USD,US Dollar,US
USN,US Dollar (Next day),US
UYU,Peso Uruguayo,UY
UYI,Uruguay Peso en Unidades Indexadas (UI),UY
UYW,Unidad Previsional,UY
UZS,Uzbekistan Sum,UZ
VUV,Vatu,VU
VES,Bolívar Soberano,VE
VND,Dong,VN
USD,US Dollar,VG
USD,US Dollar,VI
XPF,CFP Franc,WF
MAD,Moroccan Dirham,EH
YER,Yemeni Rial,YE
ZMW,Zambian Kwacha,ZM
ZWL,Zimbabwe Dollar,ZW
AFA,Afghani,AF
FIM,Markka,AX
ALK,Old Lek,AL
ADP,Andorran Peseta,AD
ESP,Spanish Peseta,AD
FRF,French Franc,AD
AOK,Kwanza,AO
AON,New Kwanza,AO
AOR,Kwanza Reajustado,AO
ARA,Austral,AR
ARP,Peso Argentino,AR
ARY,Peso,AR
RUR,Russian Ruble,AM
ATS,Schilling,AT
AYM,Azerbaijan Manat,AZ
AZM,Azerbaijanian Manat,AZ
RUR,Russian Ruble,AZ
BYB,Belarusian Ruble,BY
BYR,Belarusian Ruble,BY
RUR,Russian Ruble,BY
BEC,Convertible Franc,BE
BEF,Belgian Franc,BE
BEL,Financial Franc,BE
BOP,Peso boliviano,BO
BAD,Dinar,BA
BRB,Cruzeiro,BR
BRC,Cruzado,BR
BRE,Cruzeiro,BR
BRN,New Cruzado,BR
BRR,Cruzeiro Real,BR
BGJ,Lev,BG
BGK,Lev,BG
BGL,Lev,BG
HRD,Croatian Dinar,HR
HRK,Croatian Kuna,HR
CYP,Cyprus Pound,CY
ECS,Sucre,EC
ECV,Unidad de Valor Constante (UVC),EC
GQE,Ekwele,GQ
EEK,Kroon,EE
FIM,Markka,FI
FRF,French Franc,FR
FRF,French Franc,GF
FRF,French Franc,TF
GEK,Georgian Coupon,GE
RUR,Russian Ruble,GE
DEM,Deutsche Mark,DE
GHC,Cedi,GH
GHP,Ghana Cedi,GH
GRD,Drachma,GR
FRF,French Franc,GP
GNE,Syli,GN
GNS,Syli,GN
GWE,Guinea Escudo,GW
GWP,Guinea-Bissau Peso,GW
ITL,Italian Lira,VA
ISJ,Old Krona,IS
IEP,Irish Pound,IE
ILP,Pound,IL
ILR,Old Shekel,IL
ITL,Italian Lira,IT
RUR,Russian Ruble,KZ
LVL,Latvian Lats,LV
LVR,Latvian Ruble,LV
LSM,Loti,LS
ZAL,Financial Rand,LS
LTL,Lithuanian Litas,LT
LTT,Talonas,LT
LUC,Luxembourg Convertible Franc,LU
LUF,Luxembourg Franc,LU
LUL,Luxembourg Financial Franc,LU
MGF,Malagasy Franc,MG
MWK,Kwacha,MW
MVQ,Maldive Rupee,MV
MLF,Mali Franc,ML
MTL,Maltese Lira,MT
MTP,Maltese Pound,MT
FRF,French Franc,MQ
MRO,Ouguiya,MR
FRF,French Franc,YT
MXP,Mexican Peso,MX
RUR,Russian Ruble,MD
FRF,French Franc,MC
MZE,Mozambique Escudo,MZ
MZM,Mozambique Metical,MZ
NLG,Netherlands Guilder,NL
ANG,Netherlands Antillean Guilder,AN
NIC,Cordoba,NI
PEH,Sol,PE
PEI,Inti,PE
PEN,Nuevo Sol,PE
PES,Sol,PE
PLZ,Zloty,PL
PTE,Portuguese Escudo,PT
ROK,Leu,RO
ROL,Old Leu,RO
RON,New Romanian Leu,RO
RUR,Russian Ruble,RU
FRF,French Franc,MF
FRF,French Franc,PM
ITL,Italian Lira,SM
STD,Dobra,ST
SKK,Slovak Koruna,SK
SIT,Tolar,SI
ZAL,Financial Rand,ZA
SDG,Sudanese Pound,SS
ESA,Spanish Peseta,ES
ESB,"""A"" Account (convertible Peseta Account)",ES
ESP,Spanish Peseta,ES
SDD,Sudanese Dinar,SD
SDP,Sudanese Pound,SD
SRG,Surinam Guilder,SR
SZL,Lilangeni,SZ
CHC,WIR Franc (for electronic),CH
RUR,Russian Ruble,TJ
TJR,Tajik Ruble,TJ
IDR,Rupiah,TL
TPE,Timor Escudo,TL
TRL,Old Turkish Lira,TR
TRY,New Turkish Lira,TR
RUR,Russian Ruble,TM
TMM,Turkmenistan Manat,TM
UGS,Uganda Shilling,UG
UGW,Old Shilling,UG
UAK,Karbovanet,UA
UYN,Old Uruguay Peso,UY
UYP,Uruguayan Peso,UY
RUR,Russian Ruble,UZ
VEB,Bolivar,VE
VEF,Bolivar Fuerte,VE
VEF,Bolivar,VE
VEF,Bolívar,VE
VNC,Old Dong,VN
YDD,Yemeni Dinar,YE
ZMK,Zambian Kwacha,ZM
ZWC,Rhodesian Dollar,ZW
ZWD,Zimbabwe Dollar (old),ZW
ZWD,Zimbabwe Dollar,ZW
ZWN,Zimbabwe Dollar (new),ZW
ZWR,Zimbabwe Dollar,ZW
