Aarash,AS
Aazar,AS
Abdul Hannan,AS
Abdul Malik,AS
Abdul Nafi,AS
Amooz,AS
Aryo,AS
Azzat,AS
Bahlul,AS
Faireh,AS
Farjaad,AS
Firash,AS
Futtehkhan,AS
Gulraiz,AS
Imam,AS
Isaad,AS
Isfandiyar,AS
Jaah,AS
Jabroot,AS
Jammas,AS
Jansher,AS
Kardaar,AS
Khan Zada,AS
Lodhi,AS
Mateen,AS
Mirwais,AS
Mursalin,AS
Musa,AS
Naseefa,AS
Nawaskhan,AS
Nouman,AS
Painda,AS
Parwaiz,AS
Pazir,AS
Poya,AS
Qammar,AS
Rayi,AS
Shahmeer,AS
Shahou,AS
Shahpur,AS
Shahu,AS
Soban,AS
Tabsheer,AS
Taimur,AS
Tajj,AS
Tashfeen,AS
Wamiq,AS
Yar,AS
Yesal,AS
Zadfar,AS
Abir,AF
Akbar,AF
Anouar,AF
Azzam,AF
Bari,AF
Coman,AF
Dawud,AF
Fadil,AF
Fatin,AF
Gamal,AF
Hadi,AF
Harun,AF
Imam,AF
Jakeem,AF
Jaser,AF
Jibril,AF
Kadir,AF
Kaliq,AF
Kasim,AF
Khaldun,AF
Mahir,AF
Majed,AF
Mubarak,AF
Nadir,AF
Nas,AF
Nay,AF
Nen,AF
Omari,AF
Qabil,AF
Rafi,AF
Rahul,AF
Reyhan,AF
Riyad,AF
Salem,AF
Sevilin,AF
Shunnar,AF
Suhayb,AF
Tahir,AF
Tarif,AF
Taysir,AF
Ubaid,AF
Utt,AF
Vahe,AF
Wahib,AF
Yahya,AF
Zafir,AF
Zahi,AF
Zaid,AF
Ziyan,AF
Angel,SA
Atahualpa,SA
Carlos,SA
Cesaro,SA
Chano,SA
Che,SA
Claudio,SA
Cristian,SA
Cristiano,SA
Damian,SA
Delmar,SA
Diego,SA
Efrain,SA
Fabian,SA
Fadrique,SA
Gabriel,SA
Garcia,SA
Gaspar,SA
Geraldo,SA
Guillermo,SA
Hernan,SA
Iago,SA
Jeremias,SA
Jerrold,SA
Jorge,SA
Juan,SA
Leonardo,SA
Lionel,SA
Lobo,SA
Mateo,SA
Matias,SA
Mauricio,SA
Mauro,SA
Milton,SA
Nahuel,SA
Nicolas,SA
Oliverio,SA
Paulo,SA
Paz,SA
Pedro,SA
Prospero,SA
Raulo,SA
Sandro,SA
Santiago,SA
Santino,SA
Santo,SA
Saul,SA
Sergio,SA
Stefano,SA
Thiago,SA
Tito,SA
Tomas,SA
Toro,SA
Ulrich,SA
Victor,SA
Wenceslao,SA
Adam,OC
Aidan,OC
Alexander,OC
Angus,OC
Antonio,OC
Archie,OC
Arlo,OC
Ashton,OC
Benjamin,OC
Blake,OC
Carter,OC
Chase,OC
Clive,OC
Connor,OC
Cooper,OC
Daniel,OC
Edward,OC
Eli,OC
Elijah,OC
Eric,OC
Ethan,OC
Felix,OC
Finn,OC
Fletcher,OC
Fylnn,OC
Garret,OC
Gavin,OC
Giovanni,OC
Harley,OC
Harrison,OC
Heath,OC
Henry,OC
Hugh,OC
Hugo,OC
Hunter,OC
Isaac,OC
Jack,OC
Jackson,OC
Jacob,OC
James,OC
Jasper,OC
Jaxon,OC
Jayden,OC
Jesse,OC
Jett,OC
Jordan,OC
Joshua,OC
Kai,OC
Keith,OC
Kobe,OC
Lachlan,OC
Levi,OC
Lewis,OC
Liam,OC
Lincoln,OC
Logan,OC
Louis,OC
Luca,OC
Lucas,OC
Luke,OC
Marcus,OC
Mason,OC
Matthew,OC
Max,OC
Mel,OC
Michael,OC
Nate,OC
Nathan,OC
Nicholas,OC
Noah,OC
Oliver,OC
Oscar,OC
Owen,OC
Paul,OC
Philip,OC
Ryan,OC
Samuel,OC
Sebastian,OC
Spencer,OC
Steve,OC
Thomas,OC
Toby,OC
Tom,OC
Troye,OC
Tyler,OC
William,OC
Xavier,OC
Zachary,OC
Adrian,EU
Alexander,EU
Andreas,EU
Arnold,EU
Benjamin,EU
Bruno,EU
Christoph,EU
Clemens,EU
Daniel,EU
David,EU
Dominik,EU
Elias,EU
Fabian,EU
Felix,EU
Florian,EU
Gabriel,EU
Jakob,EU
Johannes,EU
Jonas,EU
Julian,EU
Kilian,EU
Konstantin,EU
Leo,EU
Leon,EU
Lorenz,EU
Luca,EU
Lukas,EU
Marcel,EU
Marco,EU
Markus,EU
Martin,EU
Matteo,EU
Matthias,EU
Maximilian,EU
Michael,EU
Moritz,EU
Nico,EU
Niklas,EU
Nikola,EU
Noah,EU
Paul,EU
Philipp,EU
Raphael,EU
Samuel,EU
Sebastian,EU
Sigmund,EU
Stefan,EU
Tobias,EU
Valentin,EU
Wolfgang,EU
Andre,NA
Anthony,NA
Anton,NA
Antonio,NA
Antonius,NA
Buddy,NA
Cecil,NA
Charles,NA
Deshawn,NA
Edwin,NA
Jahni,NA
Jarrette,NA
Javon,NA
Kimbo,NA
Lenny,NA
Louvens,NA
Lynden,NA
Montez,NA
Romario,NA
Debesh,AS
Labanga,AS
Modan,AS
Nabin,AS
Ninu,AS
Probal,AS
Rupjit,AS
Som,AS
Suvo,AS
Alexandre,EU
Alexis,EU
Antoine,EU
Arnaud,EU
Arno,EU
Bram,EU
Corentin,EU
Cyril,EU
Daan,EU
Dorian,EU
Dries,EU
Elias,EU
Florian,EU
Gilles,EU
Guillaume,EU
Hugo,EU
Jarne,EU
Jasper,EU
Jean Claude,EU
Jens,EU
Jonas,EU
Julien,EU
Lennert,EU
Liam,EU
Lucas,EU
Lukas,EU
Maarten,EU
Mathias,EU
Maxim,EU
Maxime,EU
Mehdi,EU
Michiel,EU
Milan,EU
Nicolas,EU
Niels,EU
Olivier,EU
Pieter,EU
Robbe,EU
Romain,EU
Sander,EU
Sebastien,EU
Seppe,EU
Stef,EU
Stijn,EU
Thibault,EU
Thibaut,EU
Tibo,EU
Tristan,EU
Valentin,EU
Ward,EU
Yannick,EU
Adriano,SA
Alex,SA
Alexandre,SA
Anderson,SA
Andre,SA
Arthur,SA
Bernardo,SA
Bruno,SA
Caio,SA
Carlos,SA
Daniel,SA
Diego,SA
Douglas,SA
Eduardo,SA
Fabio,SA
Felipe,SA
Fernando,SA
Flavio,SA
Gabriel,SA
Guilherme,SA
Gustavo,SA
Henrique,SA
Igor,SA
Italo,SA
Joao,SA
JoaoPedro,SA
JoaoVitor,SA
Jose,SA
Leandro,SA
Leonardo,SA
Lucas,SA
Luciano,SA
Luis,SA
Luiz,SA
Marcelo,SA
Marcos,SA
Mateus,SA
Matheus,SA
Neymar,SA
Paulo,SA
Pedro,SA
Pele,SA
Rafael,SA
Ramon,SA
Ricardo,SA
Rivaldo,SA
Roberto,SA
Rodrigo,SA
Ronaldo,SA
Thiago,SA
Vagner,SA
Victor,SA
Vinicius,SA
Vitor,SA
Wilian,SA
Adam,NA
Aiden,NA
Alex,NA
Alexandre,NA
Anthony,NA
Antoine,NA
Arnaud,NA
Arthur,NA
Avery,NA
BJ,NA
Benjamin,NA
Bentley,NA
Bode,NA
Brad,NA
Bryce,NA
Buddy,NA
Caleb,NA
Carson,NA
Charles,NA
Chase,NA
Chester,NA
Chichi,NA
Clement,NA
Cole,NA
Colin,NA
Connor,NA
Daniel,NA
Dick,NA
Dickie,NA
Drake,NA
Dylan,NA
Edouard,NA
Eli,NA
Elijah,NA
Elliot,NA
Emile,NA
Ethan,NA
Etienne,NA
Felix,NA
Finn,NA
Francis,NA
Gabriel,NA
George,NA
Georges,NA
Harry,NA
Henri,NA
Hugo,NA
Hunter,NA
Isaac,NA
Jace,NA
Jack,NA
Jacob,NA
Jake,NA
James,NA
Jayden,NA
Jeremy,NA
Jim,NA
Joel,NA
Jordan,NA
Joshua,NA
Justin,NA
Kai,NA
Kenneth,NA
Landon,NA
Laurent,NA
Lawrence,NA
Leo,NA
Liam,NA
Lincoln,NA
Logan,NA
Louis,NA
Luca,NA
Lucas,NA
Luke,NA
Malcom,NA
Mark,NA
Mathis,NA
Matthew,NA
Max,NA
Michael,NA
Michele,NA
Mike,NA
Miles,NA
Nathan,NA
Nick,NA
Nicolas,NA
Noah,NA
Nolan,NA
Oliver,NA
Owen,NA
Percy,NA
Philip,NA
Philippe,NA
Raphael,NA
Robert,NA
Ryker,NA
Samuel,NA
Seth,NA
Shawn,NA
Simon,NA
Sonny,NA
Stephan,NA
Terrence,NA
Theo,NA
Thomas,NA
Tom,NA
Tony,NA
Tre,NA
Tristan,NA
Tyler,NA
Victor,NA
Vincent,NA
Wesley,NA
Will,NA
William,NA
Willy,NA
Woody,NA
Zachary,NA
Agustin,SA
Alexis,SA
Alonso,SA
Amaro,SA
Antonio,SA
Augusto,SA
Bastian,SA
Benjamin,SA
Beto,SA
Bruno,SA
Carmelo,SA
Cristian,SA
Cristobal,SA
Diego,SA
Emiliano,SA
Felipe,SA
Fernando,SA
Franco,SA
Gabriel,SA
Gaspar,SA
Hernan,SA
Ignacio,SA
Jacobo,SA
Jaime,SA
Jeremias,SA
Jesus,SA
Joaquin,SA
Jose,SA
Juan,SA
Lautaro,SA
Leon,SA
Lucas,SA
Manuel,SA
Marcos,SA
Mateo,SA
Matias,SA
Maximiliano,SA
Maximo,SA
Miguel,SA
Nico,SA
Nicolas,SA
Pablo,SA
Patricio,SA
Renato,SA
Roberto,SA
Santiago,SA
Sebastian,SA
Tomas,SA
Vicente,SA
Zacarias,SA
Aiguo,AS
An,AS
Bai,AS
Bingwen,AS
Bojing,AS
Boquin,AS
Changming,AS
Changpu,AS
Chao,AS
Chaoxiang,AS
Cheng,AS
Chenglei,AS
Chongan,AS
Chongkun,AS
Chuanli,AS
Da,AS
Delun,AS
Deming,AS
Dingbang,AS
Dong,AS
Duyi,AS
Fa,AS
Fai,AS
Feng,AS
Fengen,AS
Gan,AS
Geming,AS
Genghis,AS
Guozhi,AS
Hai,AS
Heng,AS
Ho,AS
Honghui,AS
Hongqi,AS
Hop,AS
Hu,AS
Huan,AS
Huang Fu,AS
Hulin,AS
Hung,AS
JawLong,AS
Jian,AS
Jiang,AS
Jianyu,AS
Jin,AS
Jinjing,AS
Junjie,AS
Kong,AS
Kueng,AS
Li,AS
Liang,AS
Liwei,AS
Longwei,AS
Minghua,AS
Mingli,AS
Minsheng,AS
On,AS
Park,AS
Peng,AS
Ping,AS
Qianfan,AS
Qiang,AS
Qingshan,AS
Qiu,AS
Quon,AS
Renshu,AS
Ru,AS
Shaiming,AS
Shan,AS
Shen,AS
Shing,AS
Shirong,AS
ShoiMing,AS
Shunyuan,AS
SuehYen,AS
Sying,AS
Taiwan,AS
Tingzhe,AS
Wang,AS
Weimin,AS
Weisheng,AS
Weiyuan,AS
Wencheng,AS
Wing,AS
Wuzhou,AS
Xiaojian,AS
Xiasheng,AS
Xin,AS
Xiu,AS
Xuequin,AS
Xueyou,AS
Yang,AS
Yanlin,AS
Yaozu,AS
Ye,AS
Yi,AS
Yingjie,AS
Yong,AS
Yongnian,AS
Yongrui,AS
You,AS
Yuanyun,AS
Yusheng,AS
Zedong,AS
Zengguang,AS
Zenguang,AS
Zhengsheng,AS
Zhensheng,AS
Zhiqiang,AS
Zhong,AS
Zihao,AS
Zixin,AS
Zongmeng,AS
Adrian,SA
Agustin,SA
Alejandro,SA
Alexander,SA
Alonso,SA
Andres,SA
Angel,SA
Benjamin,SA
Bruno,SA
Carlos,SA
Daniel,SA
David,SA
Diego,SA
Emiliano,SA
Emilio,SA
Emmanuel,SA
Esteban,SA
Felipe,SA
Fernando,SA
Gabriel,SA
Geronimo,SA
Hugo,SA
Ian,SA
Iker,SA
Isaac,SA
Javier,SA
Jeronimo,SA
Joaquin,SA
Juan Diego,SA
Juan Jose,SA
Juan Pablo,SA
Juan Sebastian,SA
Leonardo,SA
Lucas,SA
Luis,SA
Martin,SA
Mateo,SA
Matias,SA
Maximiliano,SA
Nicolas,SA
Pablo,SA
Rafael,SA
Rodrigo,SA
Samuel,SA
Santiago,SA
Sebastian,SA
Thiago,SA
Tomas,SA
Alfredo,NA
Aloisius,NA
Alonso,NA
Angelo,NA
Ariana,NA
Arjan,NA
Ary,NA
Asdrubal,NA
Aurelio,NA
Aziel,NA
Bernal,NA
Braulio,NA
Carlos,NA
Christian,NA
Danel,NA
Davian,NA
Diego,NA
Dymar,NA
Eitan,NA
Estevan,NA
Ezequiel,NA
Fernando,NA
Geovanny,NA
Hector,NA
Izak,NA
Jairo,NA
Javier,NA
Johanny,NA
Juan,NA
Leonardo,NA
Luis,NA
Manuel,NA
Marcel,NA
Marco,NA
Miguel,NA
Pablo,NA
Rafael,NA
Raul,NA
Ricardo,NA
Sander,NA
Sebastian,NA
Sergio,NA
Silvano,NA
Victor,NA
Vinicio,NA
Xander,NA
Xavier,NA
Yared,NA
Adniel,NA
Alberto,NA
Alejandro,NA
Alessandro,NA
Alexey,NA
Alfredo,NA
Aliet,NA
Amel,NA
Andy,NA
Aniel,NA
Antonio,NA
Antual,NA
Antuan,NA
Arabel,NA
Arezki,NA
Arian,NA
Armando,NA
Arnaldo,NA
Aroldis,NA
Arturo,NA
Benito,NA
Camilo,NA
Cristian,NA
Daris,NA
Dayron,NA
Deylert,NA
Dezi,NA
Edel,NA
Edward,NA
Ernesto,NA
Felix,NA
Fidel,NA
Floro,NA
Guillermo,NA
Haniel,NA
Isidoro,NA
Jasiel,NA
Jesus,NA
Jorge,NA
Jose,NA
Karel,NA
Luis,NA
Maikel,NA
Miguel,NA
Noslen,NA
Odel,NA
Orlando,NA
Osmany,NA
Raul,NA
Reinier,NA
Roberto,NA
Ruslan,NA
Simon,NA
Yadiel,NA
Yanko,NA
Yasiel,NA
Yasmani,NA
Yoel,NA
Yoenis,NA
Yonder,NA
Yudel,NA
Adam,EU
Alex,EU
Ali,EU
Andre,EU
Andrew,EU
Arne,EU
Artur,EU
David,EU
Dominik,EU
Eda,EU
Erik,EU
Filip,EU
Hanus,EU
Honza,EU
Jachym,EU
Jakub,EU
Jan,EU
Jarda,EU
Jenda,EU
Jesse,EU
Jiri,EU
Jirka,EU
Josef,EU
Karel,EU
Krystof,EU
Kuba,EU
Ladislav,EU
Libor,EU
Lukas,EU
Mahama,EU
Manny,EU
Marek,EU
Martin,EU
Matayas,EU
Maxim,EU
Michal,EU
Mirek,EU
Ondra,EU
Ota,EU
Patrik,EU
Pavel,EU
Peter,EU
Petr,EU
Radek,EU
Rudolf,EU
Samuel,EU
Sebastian,EU
Simon,EU
Standa,EU
Stepan,EU
Tadeas,EU
Terezie,EU
Tobias,EU
Tomas,EU
Tuan,EU
Viktor,EU
Vojta,EU
Zdenek,EU
Aksel,EU
Anders,EU
Asger,EU
Bertram,EU
Christian,EU
Emil,EU
Frederik,EU
Henrik,EU
Huzaifa,EU
Ivan,EU
Jeppe,EU
Jesper,EU
Joar,EU
Jonas,EU
Kasper,EU
Krish,EU
Kristian,EU
Kristoffer,EU
Laurids,EU
Laurits,EU
Lucas,EU
Lukas,EU
Mads,EU
Magnus,EU
Malthe,EU
Martin,EU
Mathias,EU
Mikkel,EU
Mille,EU
Morten,EU
Nicklas,EU
Nicolai,EU
Niklas,EU
Nikolaj,EU
Noah,EU
Oliver,EU
Oskar,EU
Poul,EU
Rasmus,EU
Sebastian,EU
Serg,EU
Sigurd,EU
Silas,EU
Simon,EU
Thanush,EU
Tobias,EU
Ulrick,EU
Victor,EU
Witsel,EU
Abnar,NA
Adalberto,NA
Adonis,NA
Andriel,NA
Aniel,NA
Antonio,NA
Carlos,NA
Diego,NA
Edgar,NA
Emiliano,NA
Engel,NA
Esteban,NA
Felipe,NA
Francisco,NA
Franco,NA
Gabriel,NA
Geovanny,NA
Hanley,NA
Jasiel,NA
Javier,NA
Jhonny,NA
Jose,NA
Juan,NA
Leandro,NA
Luis,NA
Manny,NA
Manuel,NA
Marcel,NA
Mateo,NA
Miguel,NA
Omar,NA
Oscar,NA
Osmin,NA
Osner,NA
Pablo,NA
Rafael,NA
Ramy,NA
Rodrigo,NA
Salvador,NA
Sammy,NA
Santiago,NA
Thiago,NA
Valentino,NA
Wilfredo,NA
Wilmer,NA
Yadiel,NA
Yanuel,NA
Yefri,NA
Awax,AF
Bakome,AF
Bibuwa,AF
Bifuasa,AF
Bismack,AF
Bukasa,AF
Carhel,AF
Djamba,AF
Gautier,AF
Ikolo,AF
Kabakele,AF
Kasamba,AF
Kabedi,AF
Kabi,AF
Kadima,AF
Kashala,AF
Shantu,AF
Adalberto,SA
Alejandro,SA
Alfonzo,SA
Alfredo,SA
Andres,SA
Antonio,SA
Arturo,SA
Bernardo,SA
Carlos,SA
Diego,SA
Edgar,SA
Eduardo,SA
Edwin,SA
Emilio,SA
Emmanuel,SA
Enrique,SA
Ernesto,SA
Esteban,SA
Fabio,SA
Felipe,SA
Fernando,SA
Francisco,SA
Gabriel,SA
Geovanny,SA
Guillermo,SA
Gustavo,SA
Hilario,SA
Javier,SA
Jorge,SA
Jose,SA
Juan,SA
Julio,SA
Luis,SA
Marcel,SA
Marco,SA
Mario,SA
Martin,SA
Mateo,SA
Mathias,SA
Mauricio,SA
Miguel,SA
Pablo,SA
Pedro,SA
Ramon,SA
Roberto,SA
Santiago,SA
Sebastian,SA
Valentino,SA
Wilmer,SA
Abel,AF
Abune,AF
Aman,AF
Bayissa,AF
Beca,AF
Berhanu,AF
Dawit,AF
Elias,AF
Fasika,AF
Hakim,AF
Iskinder,AF
Ketema,AF
Lemma,AF
Aino,EU
Alberto,EU
Arttu,EU
Eetu,EU
Frans,EU
Joni,EU
Juhani,EU
Juho,EU
Juuso,EU
Konsta,EU
Linus,EU
Luukas,EU
Miika,EU
Sami,EU
Samuel,EU
Santtu,EU
Topi,EU
Veikko,EU
Ville,EU
Aaron,EU
Adam,EU
Adrien,EU
Alexandre,EU
Antoine,EU
Arthur,EU
Augustine,EU
Axel,EU
Basil,EU
Camille,EU
Charles,EU
Claude,EU
Clement,EU
David,EU
Enzo,EU
Ethan,EU
Francois,EU
Gabriel,EU
Gaspard,EU
Henri,EU
Hugo,EU
Isaac,EU
Ismael,EU
Jean Claude,EU
Jean Paul,EU
Joseph,EU
Jules,EU
Leo,EU
Leon,EU
Leonard,EU
Liam,EU
Louis,EU
Lucas,EU
Luka,EU
Martin,EU
Mathis,EU
Maxime,EU
Mohamed,EU
Napoleon,EU
Nathan,EU
Noah,EU
Noe,EU
Nolan,EU
Oliver,EU
Oscar,EU
Paul,EU
Raphael,EU
Sacha,EU
Simon,EU
Thomas,EU
Timothee,EU
Victor,EU
Vincent,EU
Yanis,EU
Adam,EU
Adolf,EU
Adrian,EU
Albert,EU
Alexander,EU
Ansel,EU
Anton,EU
Artur,EU
Bader,EU
Ben,EU
Benjamin,EU
Bruno,EU
Carl,EU
Carlo,EU
Constantin,EU
Damian,EU
Danek,EU
Daniel,EU
David,EU
Dieter,EU
Eberhard,EU
Elias,EU
Erik,EU
Faber,EU
Fabian,EU
Felix,EU
Fiete,EU
Finn,EU
Florian,EU
Fonso,EU
Franz,EU
Franzen,EU
Frederick,EU
Fritz,EU
Hannes,EU
Hans,EU
Helmut,EU
Henry,EU
Hermann,EU
Immanuel,EU
Jan,EU
Jannik,EU
Johann,EU
Johannes,EU
Jona,EU
Jonas,EU
Jonathan,EU
Joseph,EU
Joshua,EU
Julian,EU
Julius,EU
Kaiser,EU
Karl,EU
Kellan,EU
Klemens,EU
Lasse,EU
Lennard,EU
Lenny,EU
Leo,EU
Leon,EU
Leopold,EU
Levin,EU
Liam,EU
Lian,EU
Lias,EU
Lio,EU
Loeb,EU
Lothar,EU
Luca,EU
Ludwig,EU
Luis,EU
Lukas,EU
Luke,EU
Luther,EU
Malte,EU
Markus,EU
Mats,EU
Matteo,EU
Matti,EU
Max,EU
Maxim,EU
Maximilian,EU
Mika,EU
Milan,EU
Milo,EU
Moritz,EU
Nagel,EU
Nick,EU
Nico,EU
Niklas,EU
Nils,EU
Noah,EU
Odilio,EU
Oskar,EU
Otho,EU
Otto,EU
Paul,EU
Philip,EU
Rafael,EU
Reinald,EU
Ritter,EU
Rudolf,EU
Samuel,EU
Sebastian,EU
Simon,EU
Theo,EU
Theodor,EU
Till,EU
Tim,EU
Timo,EU
Tom,EU
Toni,EU
Valentin,EU
Vincent,EU
Wolfgang,EU
Achilleas,EU
Agim,EU
Alex,EU
Alexander,EU
Alexandros,EU
Alkinoos,EU
Andrew,EU
Angel,EU
Angelo,EU
Angelos,EU
Anthony,EU
Antonis,EU
Apostolis,EU
Aristotle,EU
Bill,EU
Billy,EU
Christos,EU
Con,EU
Costa,EU
Dimitris,EU
Echo,EU
Evangelos,EU
George,EU
Giannis,EU
Giorgos,EU
Greg,EU
Gregory,EU
Homer,EU
Jim,EU
John,EU
Josif,EU
Konstantinos,EU
Kostas,EU
Lambros,EU
Lefteris,EU
Luke,EU
Manolis,EU
Manos,EU
Marios,EU
Mateo,EU
Michael,EU
Minas,EU
Nick,EU
Nicolas,EU
Panagiotis,EU
Peter,EU
Philip,EU
Sotiris,EU
Spiros,EU
Stefanos,EU
Steven,EU
Thanasis,EU
Thanos,EU
Vasilhs,EU
Vassilis,EU
Yanni,EU
Yiannis,EU
Yorgos,EU
Aiguo,AS
Bojing,AS
Bolin,AS
Da,AS
Delun,AS
Deming,AS
Dong,AS
Donghai,AS
Fa,AS
Fang,AS
Fu,AS
Gang,AS
Gen,AS
Gui,AS
Guoliang,AS
Hai,AS
Han,AS
Jiayi,AS
Jing,AS
Junjie,AS
Kang,AS
Lei,AS
Liu,AS
Liwei,AS
Longwei,AS
Nianzu,AS
Peng,AS
Ping,AS
Qing,AS
Qiu,AS
Quan,AS
Renshu,AS
Rong,AS
Shanyuan,AS
Shi,AS
Song,AS
Tengfei,AS
Weimin,AS
Wenyan,AS
Xiaoli,AS
Yanlin,AS
Ye,AS
Ying,AS
Yong,AS
Yun,AS
Yunru,AS
Zihao,AS
Zixin,AS
Abyasa,AS
Adhiarja,AS
Adi,AS
Aditya,AS
Agung,AS
Ahmad,AS
Ahmadzulkifli,AS
Ajij,AS
Akmal,AS
Aldi,AS
Anas,AS
Andri,AS
Angga,AS
Arief,AS
Bagus,AS
Bakti,AS
Baskoro,AS
Basuki,AS
Batara,AS
Batman,AS
Bayu,AS
Berkah,AS
Cahya,AS
Chahaya,AS
Daffa,AS
Darma,AS
Dimas,AS
Dumadi,AS
Dwi,AS
Eas,AS
Eka,AS
Elang,AS
Euan,AS
Fadhlan,AS
Fajar,AS
Farel,AS
Farhan,AS
Fauzi,AS
Gemi,AS
Gilang,AS
Gunadi,AS
Haliim,AS
Hanif,AS
Henry,AS
Imam,AS
Indra,AS
Intan,AS
Ismaya,AS
Jonah,AS
Joyo,AS
Kadek,AS
Kaliappa,AS
Kersen,AS
Kevin,AS
Kulon,AS
Mentari,AS
Nando,AS
Osbert,AS
Panuta,AS
Perdana,AS
Pramana,AS
Prendy,AS
Putra,AS
Raditya,AS
Rafi,AS
Rahmat,AS
Rama,AS
Ramelan,AS
Renaldi,AS
Rendy,AS
Ridho,AS
Rimbo,AS
Rio,AS
Rudi,AS
Ryo,AS
Santoso,AS
Satria,AS
Setiawan,AS
Soleh,AS
Stanley,AS
Taman,AS
Timoty,AS
Vikal,AS
Yudianto,AS
Zulfikar,AS
Abdullah,AS
Ahsan,AS
Arif,AS
Borak,AS
Jibril,AS
Mustafa,AS
Rahul,AS
Saladin,AS
Aaron,EU
Adam,EU
Aidan,EU
Alex,EU
Alexander,EU
Ben,EU
Bobby,EU
Bono,EU
Callum,EU
Charlie,EU
Cian,EU
Cillian,EU
Conor,EU
Daniel,EU
Darragh,EU
David,EU
Dylan,EU
Eoin,EU
Evan,EU
Finn,EU
Fionn,EU
Harry,EU
Jack,EU
Jacob,EU
Jake,EU
James,EU
Jamie,EU
John,EU
Joseph,EU
Joshua,EU
Kevin,EU
Kyle,EU
Liam,EU
Luke,EU
Mason,EU
Matthew,EU
Max,EU
Michael,EU
Mick,EU
Nathan,EU
Noah,EU
Oisin,EU
Oliver,EU
Oscar,EU
Patrick,EU
Peter,EU
Rian,EU
Robert,EU
Rowan,EU
Sam,EU
Samuel,EU
Sean,EU
Sheamus,EU
Tadhg,EU
Thomas,EU
Tom,EU
William,EU
Alvah,AS
Ari,AS
Ariel,AS
Aron,AS
Asaph,AS
Barak,AS
Bartel,AS
Benjamin,AS
Choni,AS
Daniel,AS
David,AS
Eitan,AS
Elihu,AS
Emanuel,AS
Emile,AS
Feivel,AS
Gedalya,AS
Geremia,AS
Hadar,AS
Hyman,AS
Ian,AS
Isaac,AS
Itzhak,AS
Jared,AS
Jephtah,AS
Jorie,AS
Josias,AS
Judd,AS
Larry,AS
Lewi,AS
Lot,AS
Meyer,AS
Mikhos,AS
Nadav,AS
Nimrod,AS
Noam,AS
Omer,AS
Omri,AS
Rafal,AS
Rafe,AS
Raviv,AS
Samuel,AS
Sanson,AS
Schmaiah,AS
Seanan,AS
Simon,AS
Tzuriel,AS
Uri,AS
Yaphet,AS
Yitzchok,AS
Yitzhak,AS
Yosef,AS
Zamir,AS
Zebediah,AS
Alessandro,EU
Alessio,EU
Andrea,EU
Angelo,EU
Antonio,EU
Christian,EU
Christopher,EU
Daniel,EU
Daniele,EU
Davide,EU
Diego,EU
Domenico,EU
Edoardo,EU
Elia,EU
Emanuele,EU
Enzo,EU
Federico,EU
Filippo,EU
Francesco,EU
Gabriele,EU
Galileo,EU
Giacomo,EU
Gioele,EU
Giorgio,EU
Giovanni,EU
Giulio,EU
Giuseppe,EU
Jacopo,EU
Leonardo,EU
Lorenzo,EU
Luca,EU
Luciano,EU
Luigi,EU
Manuel,EU
Marcello,EU
Marco,EU
Mario,EU
Massimo,EU
Matteo,EU
Mattia,EU
Maurizio,EU
Mauro,EU
Michelangelo,EU
Nicola,EU
Nicolo Niccol,EU
Paolo,EU
Pietro,EU
Raffaele,EU
Riccardo,EU
Roberto,EU
Salvatore,EU
Samuele,EU
Saverio,EU
Sergio,EU
Simone,EU
Stefano,EU
Thomas,EU
Tommaso,EU
Valentino,EU
Vincenzo,EU
Akira,AS
Aoto,AS
Atsushi,AS
Daiki,AS
Eita,AS
Haru,AS
Haruki,AS
Haruma,AS
Hayato,AS
Hideo,AS
Hinata,AS
Hiroto,AS
Ibuki,AS
Ichiro,AS
Kaito,AS
Keisuke,AS
Kento,AS
Kosei,AS
Kota,AS
Manato,AS
Masashi,AS
Masayoshi,AS
Minato,AS
Ren,AS
Rento,AS
Riku,AS
Rikuto,AS
Rui,AS
Ryo,AS
Ryota,AS
Ryuga,AS
Ryuki,AS
Ryusei,AS
Satoru,AS
Shinsuke,AS
Shohei,AS
Shota,AS
Soma,AS
Sora,AS
Sosuke,AS
Sota,AS
Taisei,AS
Takeru,AS
Takumi,AS
Toma,AS
Yamato,AS
Yoko,AS
Yu,AS
Yuito,AS
Yuki,AS
Yuma,AS
Yusei,AS
Yushin,AS
Yuta,AS
Yuto,AS
Aban,AS
Basil,AS
Humam,AS
Iqbal,AS
Kamil,AS
Mahdi,AS
Mansur,AS
Muaz,AS
Munsif,AS
Nail,AS
Najm,AS
Nawfal,AS
Nazir,AS
Numan,AS
Rayhan,AS
Sadiq,AS
Sayid,AS
Tazim,AS
Wasi,AS
Ziad,AS
Aati,AS
Adam,AS
Aden,AS
Adib,AS
Afan,AS
Afiq,AS
Ahmad,AS
Aidan,AS
Aiman,AS
Aish,AS
Akmal,AS
Amar,AS
Ameer,AS
Amir,AS
Amirul,AS
Amsyar,AS
Anto,AS
Arhaa,AS
Arjuna,AS
Ashar,AS
Awang,AS
Barzin,AS
Bisaam,AS
Budiharto,AS
Bujang,AS
Daniel,AS
Danish,AS
Devaraja,AS
Faisal,AS
Faizal,AS
Farishah,AS
Farouk,AS
Firash,AS
Ghaazar,AS
Ghazaar,AS
Hadees,AS
Harris,AS
Haruun,AS
Hatar,AS
Haziq,AS
Hermawan,AS
Hilmi,AS
Hisyam,AS
Idham,AS
Iman,AS
Irfan,AS
Ishtiqal,AS
Iyaan,AS
Izz,AS
Izzat,AS
Jebat,AS
Junada,AS
Kakim,AS
Kechik,AS
Khajeer,AS
Khilaal,AS
Megat,AS
Muhammad,AS
Nabil,AS
Rayyan,AS
Rion,AS
Saiful,AS
Sena,AS
Shahrul,AS
Syahmi,AS
Syed,AS
Taufik,AS
Thaqif,AS
Umar,AS
Yazid,AS
Yones,AS
Yusri,AS
Zikri,AS
Alberto,NA
Alejandro,NA
Alfonso,NA
Antonio,NA
Armando,NA
Arturo,NA
Benito,NA
Carlos,NA
Carmelo,NA
Cesar,NA
Christian,NA
Dante,NA
Diego,NA
Edgar,NA
Eduardo,NA
Emiliano,NA
Enrique,NA
Fabian,NA
Fernando,NA
Francisco,NA
Francisco Javier,NA
Gabriel,NA
Gerardo,NA
Guillermo,NA
Ignacio,NA
Ivan,NA
Javier,NA
Jesus,NA
Jorge,NA
Jose,NA
Jose Antonio,NA
Jose Luis,NA
Juan,NA
Juan Carlos,NA
Juan Manuel,NA
Julio,NA
Leonardo,NA
Lucas,NA
Manuel,NA
Marco,NA
Marco Antonio,NA
Martin,NA
Mateo,NA
Miguel,NA
Octavio,NA
Omar,NA
Pablo,NA
Pancho,NA
Pedro,NA
Pepe,NA
Rafael,NA
Raul,NA
Ricardo,NA
Roberto,NA
Santiago,NA
Sebastian,NA
Arthur,EU
Hans,EU
Jules,EU
Luis,EU
Manuel,EU
Mario,EU
Massimo,EU
Vincent,EU
Yanick,EU
Altan,AS
Bat Erdene,AS
Batsaikhan,AS
Bataar,AS
Batbayar,AS
Batu,AS
Batuhan,AS
Batukhan,AS
Batzorig,AS
Chaghatai,AS
Chenghiz,AS
Chingis,AS
Chinua,AS
Chuluun,AS
Chuluunbold,AS
Dzhambul,AS
Gansukh,AS
Gantulga,AS
Ganzorig,AS
Genghis,AS
Jochi,AS
Kublai,AS
Monkhbat,AS
Nekhii,AS
Nergui,AS
Nugai,AS
Och,AS
Odgerel,AS
Oktai,AS
Otgonbayar,AS
Qara,AS
Sukh,AS
Sukhbaatar,AS
Taimoorkhan,AS
Temujin,AS
Terbish,AS
Timicin,AS
Timur,AS
Ulagan,AS
Yul,AS
Ahmed,AF
Driss,AF
Hicham,AF
Omar,AF
Samir,AF
Youssef,AF
Adam,EU
Antoine,EU
Arjen,EU
Benjamin,EU
Boaz,EU
Bram,EU
Cas,EU
Cornelis,EU
David,EU
Dex,EU
Floris,EU
Gerard,EU
Gijs,EU
Guus,EU
Hugo,EU
Jack,EU
James,EU
Jan,EU
Jayden,EU
Jens,EU
Jesse,EU
Joep,EU
Johan,EU
Julian,EU
Lars,EU
Levi,EU
Liam,EU
Luca,EU
Lucas,EU
Luuk,EU
Martin,EU
Mason,EU
Mats,EU
Max,EU
Mees,EU
Milan,EU
Nikolaas,EU
Noud,EU
Olivier,EU
Ruben,EU
Ruud,EU
Ryan,EU
Sam,EU
Sem,EU
Siem,EU
Stijn,EU
Sven,EU
Teun,EU
Thijs,EU
Thomas,EU
Tim,EU
Tom,EU
Tygo,EU
Vince,EU
Vincent,EU
Aaron,OC
Alexander,OC
Ari,OC
Benjamin,OC
Bill,OC
Blake,OC
Carter,OC
Charlie,OC
Cooper,OC
Daniel,OC
Dylan,OC
Edmund,OC
Eli,OC
Elijah,OC
Ethan,OC
George,OC
Henry,OC
Hunter,OC
Ihaia,OC
Isaac,OC
Jack,OC
Jackson,OC
Jacob,OC
James,OC
Joshua,OC
Kahurangi,OC
Kauri,OC
Lachlan,OC
Leo,OC
Liam,OC
Lucas,OC
Manaaki,OC
Manaia,OC
Manawa,OC
Martin,OC
Mason,OC
Max,OC
Nikau,OC
Noah,OC
Oliver,OC
Oscar,OC
Peter,OC
Rawiri,OC
Ryan,OC
Samuel,OC
Tai,OC
Taika,OC
Tama,OC
Tamati,OC
Tangaroa,OC
Tawhiri,OC
Thomas,OC
William,OC
Wiremu,OC
Adamou,AF
Akumjeli,AF
Amazu,AF
Amobi,AF
Attikou,AF
Bassirou,AF
Chi,AF
Chidee,AF
Chidey,AF
Chidiebube,AF
Chidy,AF
Chikere,AF
Chinaza,AF
Chino,AF
Chioke,AF
Chukwuemeka,AF
Cydee,AF
Dike,AF
Ebele,AF
Fumnanya,AF
Hassane,AF
Jelan,AF
Moustapha,AF
Ndidi,AF
Ndulu,AF
Nnamdi,AF
Obey,AF
Oby,AF
Uchechea,AF
Uchie,AF
Uzochi,AF
Uzoma,AF
Anders,EU
Arne,EU
Bjorn,EU
Christian,EU
Daniel,EU
Edvard,EU
Einar,EU
Eirik,EU
Eivind,EU
Erik,EU
Espen,EU
Frode,EU
Geir,EU
Gunnar,EU
Hakon,EU
Hans,EU
Harald,EU
Helge,EU
Ivar,EU
Jan,EU
Johan,EU
John,EU
Jon,EU
Kare,EU
Kjell,EU
Knut,EU
Kristian,EU
Lars,EU
Leif,EU
Magne,EU
Magnus,EU
Marius,EU
Martin,EU
Morten,EU
Nicolaj,EU
Nils,EU
Odd,EU
Olav,EU
Ole,EU
Per,EU
Rolf,EU
Rune,EU
Sigurd,EU
Steinar,EU
Stian,EU
Svein,EU
Tarjei,EU
Terje,EU
Thomas,EU
Tom,EU
Tor,EU
Tore,EU
Trond,EU
Aysar,AS
Chawish,AS
Ghazanfer,AS
Gulfaam,AS
Saeed,AS
Souma,AS
Yashem,AS
Zaweel,AS
Abdiel,NA
Abelardo,NA
Abisai,NA
Abraham,NA
Aczel,NA
Alcibiades,NA
Allam,NA
Anel,NA
Anthony,NA
Ariel,NA
Arjun,NA
Brayden,NA
Carlos,NA
Danny,NA
Derian,NA
Dionel,NA
Edwin,NA
Eilan,NA
Einar,NA
Elian,NA
Eshiley,NA
Evan,NA
Evans,NA
Felipe,NA
Fernando,NA
Geovanni,NA
Guillermo,NA
Hensley,NA
Ihan,NA
Isai,NA
Jaeden,NA
Jahleel,NA
Jawaharlal,NA
JeanMichel,NA
Jehoshua,NA
Jerel,NA
Jeremy,NA
Job,NA
Jose,NA
Kareem,NA
Kelvin,NA
Kendal,NA
Khesvan,NA
Luis,NA
Maikel,NA
Manuel,NA
Mariano,NA
Mathews,NA
Mihail,NA
Natanael,NA
Omar,NA
Ricardo,NA
Rodrick,NA
Ruben,NA
Samar,NA
Shmuel,NA
Stefano,NA
Stephan,NA
Suad,NA
Virgil,NA
Agustin,SA
Albert,SA
Alejandro,SA
Andre,SA
Angel,SA
Anthony,SA
Benito,SA
Benjamin,SA
Carlos,SA
Christian,SA
Diego,SA
Eduardo,SA
Ernesto,SA
Fabian,SA
Felix,SA
Gabriel,SA
Ismael,SA
Jaime,SA
Jesus,SA
Jheremy,SA
Joaquin,SA
Jose,SA
Juan,SA
Julio,SA
Lucas,SA
Lucio,SA
Luigi,SA
Luis,SA
Manuel,SA
Marcos,SA
Martin,SA
Matias,SA
Miguel,SA
Omar,SA
Orlando,SA
Oscar,SA
Paolo,SA
Pedro,SA
Piero,SA
Renzo,SA
Ricardo,SA
Richard,SA
Salvador,SA
Sandro,SA
Selestino,SA
Simon,SA
Tomas,SA
Victor,SA
Adrian,AS
Alden,AS
Alon,AS
Amado,AS
Andres,AS
Antonio,AS
Apolinario,AS
Armando,AS
Bayani,AS
Benjie,AS
Caesar,AS
Carlo,AS
Christian,AS
Daniel,AS
Francis,AS
Ian,AS
Ignacio,AS
Iman,AS
Jack,AS
Jackson,AS
James,AS
Jayson,AS
Jerome,AS
Jesus,AS
John,AS
John Carlo,AS
John Lloyd,AS
John Mark,AS
John Michael,AS
John Paul,AS
John Rey,AS
Joshua,AS
Justin,AS
Justine,AS
Kelvin,AS
Kenneth,AS
Kent,AS
Kevin,AS
Lamar,AS
Lance,AS
Landon,AS
Liberato,AS
Macario,AS
Mandy,AS
Manolo,AS
Mark,AS
Mark Anthony,AS
Modesto,AS
Nate,AS
Nathan,AS
Nathaniel,AS
Neal,AS
Nemesio,AS
Norman,AS
Oistin,AS
Oliver,AS
Omar,AS
Omarion,AS
Onofre,AS
Pablo,AS
Paco,AS
Palmer,AS
Paolo,AS
Restituto,AS
Rizal,AS
Rodel,AS
Rodrigo,AS
Rommel,AS
Ronald,AS
Ryan,AS
Salvador,AS
Sebastian,AS
Sherwin,AS
Tadeo,AS
Teodulo,AS
Thaddeus,AS
Thatcher,AS
Tobias,AS
Tomas,AS
Urbano,AS
Varian,AS
Venancio,AS
Vincent,AS
Vito,AS
Wilfred,AS
Willard,AS
Yanni,AS
Yeriel,AS
Abel,EU
Afonso,EU
Alexandre,EU
Andre,EU
Antonio,EU
Bernardo,EU
Bruno,EU
Claudio,EU
Cristiano,EU
Da Gama,EU
Dias,EU
Diogo,EU
Duarte,EU
Edgar,EU
Emanuel,EU
Ferdinand,EU
Fernando,EU
Filipe,EU
Francisco,EU
Goncalo,EU
Guilherme,EU
Gustavo,EU
Hugo,EU
Jhon,EU
Joao,EU
Jonas,EU
Jorge,EU
Jose,EU
Julian,EU
Lenz,EU
Luis,EU
Magellan,EU
Manuel,EU
Marco,EU
Mauricio,EU
Miguel,EU
Mikael,EU
Nort,EU
Nuno,EU
Octavio,EU
Paulo,EU
Pedro,EU
Rafael,EU
Renato,EU
Ricardo,EU
Rodrigo,EU
Ruben,EU
Rui,EU
Sergio,EU
Tiago,EU
Tomas,EU
Vasco,EU
Vicente,EU
Abdiel,NA
Adrian,NA
Adriel,NA
Alejandro,NA
Andres,NA
Angel,NA
Carlos,NA
Diego,NA
Eduardo,NA
Edwin,NA
Emmanuel,NA
Esteban,NA
Fabian,NA
Fernando,NA
Francisco,NA
Gabriel,NA
Gian,NA
Gustavo,NA
Hector,NA
Ivan,NA
Janiel,NA
Javier,NA
Jean,NA
Jesus,NA
Jomar,NA
Jorge,NA
Jose,NA
Juan,NA
Julian,NA
Luis,NA
Manuel,NA
Marcos,NA
Miguel,NA
Omar,NA
Pedro,NA
Rafael,NA
Ricardo,NA
Roberto,NA
Sebastian,NA
Sergio,NA
Victor,NA
Xavier,NA
Yadiel,NA
Yahir,NA
Yamil,NA
Yandel,NA
Yandiel,NA
Yaniel,NA
Yariel,NA
Yeriel,NA
Alex,EU
Alexandru,EU
Alin,EU
Andi,EU
Andreas,EU
Andrei,EU
Andrew,EU
Andu,EU
Attila,EU
Augustin,EU
Bogdan,EU
Claudiu,EU
Cosmin,EU
Costin,EU
David,EU
Dorian,EU
Dorin,EU
Dragos,EU
Eduard,EU
Emanuel,EU
Eugen,EU
Horia,EU
Lonut,EU
Luca,EU
Lucian,EU
Madalin,EU
Marco,EU
Marcu,EU
Marius,EU
Matyas,EU
Michel,EU
Mihai,EU
Nicholas,EU
Octavian,EU
Omar,EU
Petru,EU
Radu,EU
Razvan,EU
Roland,EU
Sebastian,EU
Sebi,EU
Sorin,EU
Stef,EU
Stefan,EU
Tudor,EU
Vasilache,EU
Victor,EU
Vlad,EU
Zoltan,EU
Aleksander,AS
Alexei,AS
Anatoli,AS
Andrei,AS
Anton,AS
Artem,AS
Berezin,AS
Boris,AS
Daniil,AS
Dmitri,AS
Fedor,AS
Fyodor,AS
Georgi,AS
Gleb,AS
Igor,AS
Ilya,AS
Ivan,AS
Kashirin,AS
Kashnikov,AS
Kirill,AS
Konstantin,AS
Kurochkin,AS
Kutepov,AS
Leo,AS
Leon,AS
Lev,AS
Mark,AS
Markin,AS
Matvei,AS
Maxim,AS
Mikhail,AS
Misalov,AS
Misha,AS
Nikita,AS
Nikolai,AS
Pavel,AS
Pervak,AS
Pogrebnov,AS
Roman,AS
Sapogov,AS
Sergei,AS
Silvestrov,AS
Solomakhin,AS
Stepan,AS
Timofei,AS
Timur,AS
Titov,AS
Ustinov,AS
Vitaly,AS
Vladimir,AS
Vladislav,AS
Yaroslav,AS
Yeshevsky,AS
Yuvelev,AS
Zheglov,AS
Arshad,AS
Hassan,AS
Hussam,AS
Jalaal,AS
Mashal,AS
Omar,AS
Rasheeq,AS
Adam,AS
Adrian,AS
Alex,AS
Alfred,AS
Andre,AS
Andrew,AS
Ayden,AS
Benjamin,AS
Christopher,AS
Damien,AS
Danial,AS
Daniel,AS
Darren,AS
Desmond,AS
Eric,AS
Ethan,AS
Eugene,AS
Ian,AS
Jason,AS
Javier,AS
Jay,AS
Joseph,AS
Joshua,AS
Ken,AS
Kenny,AS
Lance,AS
Lee,AS
Leon,AS
Lim,AS
Louis,AS
Mark,AS
Martin,AS
Michael,AS
Nathaniel,AS
Nicholas,AS
Norman,AS
Oscar,AS
Paul,AS
Roy,AS
Russell,AS
Ryan,AS
Sean,AS
Shane,AS
Timothy,AS
Titus,AS
Tony,AS
Xavier,AS
Yusri,AS
Zander,AS
Amogelang,AF
Bhekizizwe,AF
Bongani,AF
Dumisile,AF
Elon,AF
Enzohuhle,AF
Indlovu,AF
Lethabo,AF
Lubanzi,AF
Lwazi,AF
Mzamo,AF
Nathi,AF
Nqobizitha,AF
Ntuthuko,AF
Phila,AF
Prince,AF
Sakhile,AF
Sanele,AF
Sibonelo,AF
Siboniso,AF
Thabo,AF
Thando,AF
Themba,AF
William,AF
Zenzele,AF
Zwelethu,AF
An,AS
Chae,AS
Chi,AS
Chom,AS
Hajoon,AS
Hae,AS
Hak,AS
Ham,AS
Hwang,AS
Jaemin,AS
Jiho,AS
Jihu,AS
Jimin,AS
Jongun,AS
Joowon,AS
Joonwoo,AS
Junseo,AS
Jungkook,AS
Keunsuk,AS
Kil,AS
Kun,AS
Man,AS
Minjun,AS
Mun,AS
Namgung,AS
Pung,AS
Pin,AS
Pyon,AS
Rang,AS
Rim,AS
Sang,AS
Seokjin,AS
Si,AS
Siwon,AS
Sip,AS
So,AS
Sobong,AS
Sol,AS
Sung,AS
Taehyun,AS
Taehyung,AS
Tokko,AS
Tong,AS
Tu,AS
Uh,AS
Ya,AS
Yejun,AS
Yi Jung,AS
Yoongi,AS
Yop,AS
Yu,AS
Adrian,EU
Aitor,EU
Alberto,EU
Alejandro,EU
Alvaro,EU
Andres,EU
Angel,EU
Bruno,EU
Carlos,EU
Daniel,EU
Dario,EU
David,EU
Diego,EU
Emilio,EU
Enrique,EU
Enzo,EU
Eric,EU
Fernando,EU
Francis,EU
Gerard,EU
Gonzalo,EU
Guillermo,EU
Hector,EU
Hugo,EU
Iker,EU
Isaac,EU
Ivan,EU
Izan,EU
Javier,EU
Jesus,EU
Jose,EU
Juan,EU
Julio,EU
Leo,EU
Lucas,EU
Luis,EU
Manu,EU
Manuel,EU
Marc,EU
Marco,EU
Marcos,EU
Mario,EU
Martin,EU
Mateo,EU
Miguel,EU
Nicolas,EU
Pablo,EU
Pau,EU
Pedro,EU
Placido,EU
Ponce,EU
Rafael,EU
Raul,EU
Roberto,EU
Ruben,EU
Salvador,EU
Samuel,EU
Saul,EU
Sergio,EU
Victor,EU
Adam,EU
Adrian,EU
Albin,EU
Alexander,EU
Alfred,EU
Alvin,EU
Anton,EU
Arvid,EU
August,EU
Axel,EU
Benjamin,EU
Carl,EU
Casper,EU
Charlie,EU
Dag,EU
Dolph,EU
Ebbe,EU
Edvin,EU
Elias,EU
Elliot,EU
Emil,EU
Erik,EU
Filip,EU
Gabriel,EU
Gustav,EU
Harry,EU
Henrik,EU
Hugo,EU
Ingvar,EU
Isak,EU
Josef,EU
Leo,EU
Leon,EU
Liam,EU
Lucas,EU
Ludvig,EU
Malte,EU
Marcus,EU
Mats,EU
Max,EU
Melker,EU
Melvin,EU
Mohamed,EU
Nils,EU
Noah,EU
Oliver,EU
Olle,EU
Oscar,EU
Per,EU
Sixten,EU
Stefan,EU
Sven,EU
Theo,EU
Theodor,EU
Valter,EU
Viggo,EU
Viktor,EU
Vincent,EU
William,EU
Chiahao,AS
Chienhung,AS
Chihming,AS
Chihwei,AS
Chunchieh,AS
Chunhsien,AS
Jin,AS
Liuwei,AS
Tsunghan,AS
Wanglei,AS
Wangyong,AS
Zhangyong,AS
Awul,AS
Ananada,AS
BoonNam,AS
Chai,AS
Chai Son,AS
Chaiya,AS
Decha,AS
Lek,AS
Narong,AS
Phassakorn,AS
Pravat,AS
Sakda,AS
Somchair,AS
Abdullah,AS
Adnan,AS
Ahmet,AS
Ali,AS
Alperen,AS
Arda,AS
Ayaz,AS
Baran,AS
Berat,AS
Bilal,AS
Burak,AS
Deniz,AS
Elia,AS
Emir,AS
Emirhan,AS
Emre,AS
Enes,AS
Enver,AS
Ertan,AS
Ertugul,AS
Eymen,AS
Furkan,AS
Hakan,AS
Hamza,AS
Hasan,AS
Ibrahim,AS
Ismail,AS
Kerem,AS
Mehmet,AS
Mehmet Aliv Aras,AS
Mert,AS
Muhammed,AS
Muhammed Emin,AS
Muhammed Emir,AS
Muhtar,AS
Mustafa,AS
Omer,AS
Poyraz,AS
Selim,AS
Talha,AS
Umut,AS
Yagiz,AS
Yasin,AS
Yigit,AS
Yunus Emre,AS
Yusuf,AS
Apostol,EU
Danylko,EU
Fadeyka,EU
Heorhiy,EU
Ivan,EU
Joseph,EU
Mykhaltso,EU
Osip,EU
Adam,EU
Alan,EU
Albert,EU
Albie,EU
Alexander,EU
Ali,EU
Alistair,EU
Andrew,EU
Archie,EU
Arlo,EU
Arthur,EU
Austin,EU
Barry,EU
Ben,EU
Benedict,EU
Benjamin,EU
Bertrand,EU
Billy,EU
Blake,EU
Brian,EU
Brynn,EU
Caleb,EU
Cecil,EU
Charles,EU
Charlie,EU
Christian,EU
Clarence,EU
Clive,EU
Craig,EU
Darren,EU
David,EU
Dickie,EU
Dylan,EU
Earl,EU
Ed,EU
Edmond,EU
Edward,EU
Edwin,EU
Eli,EU
Elijah,EU
Ellis,EU
Elton,EU
Ethan,EU
Ezra,EU
Finley,EU
Finn,EU
Frankie,EU
Freddie,EU
Gabriel,EU
Gary,EU
Gavin,EU
Harley,EU
Harrison,EU
Harry,EU
Harvey,EU
Henry,EU
Hugo,EU
Hunter,EU
Ian,EU
Idris,EU
Jack,EU
Jackson,EU
Jacob,EU
Jake,EU
James,EU
Jayden,EU
Jenson,EU
Jesse,EU
John,EU
Jordan,EU
Joseph,EU
Jude,EU
Kai,EU
Kieran,EU
Kit,EU
Kyle,EU
Lee,EU
Leo,EU
Lewis,EU
Logan,EU
Louis,EU
Lucas,EU
Luke,EU
Marcus,EU
Mark,EU
Martin,EU
Mason,EU
Matthew,EU
Maurice,EU
Max,EU
Michael,EU
Miles,EU
Nathan,EU
Neville,EU
Nigel,EU
Niles,EU
Oliver,EU
Olly,EU
Owen,EU
Paul,EU
Percival,EU
Percy,EU
Perry,EU
Peter,EU
Phil,EU
Pip,EU
Raheem,EU
Reece,EU
Reggie,EU
Riley,EU
Ringo,EU
Robert,EU
Robin,EU
Rod,EU
Rodney,EU
Ronald,EU
Rory,EU
Rowan,EU
Rufus,EU
Rupert,EU
Russell,EU
Ryan,EU
Sacha,EU
Samuel,EU
Sebastian,EU
Simon,EU
Spencer,EU
Stanley,EU
Steven,EU
Teddy,EU
Terry,EU
Theo,EU
Thomas,EU
Toby,EU
Tom,EU
Tony,EU
Trevor,EU
Tyler,EU
Wayne,EU
William,EU
Winston,EU
Zachary,EU
Zayn,EU
Adam,NA
Alexander,NA
Alvaro,NA
Angel,NA
Antonio,NA
Apollo,NA
Arthur,NA
Atticus,NA
Aurelio,NA
Baker,NA
Beavis,NA
Benedict,NA
Billy Joe,NA
BJ,NA
Bob,NA
Brendon,NA
Brett,NA
Brian,NA
Brock,NA
Bubba,NA
Buck,NA
Buster,NA
Caleb,NA
Carter,NA
Charles,NA
Christian,NA
Colin,NA
Crispin,NA
Daevon,NA
Daniel,NA
Darius,NA
Dash,NA
David,NA
DBrickashaw,NA
DeAndre,NA
Derek,NA
Dirk,NA
DMarcus,NA
Duke,NA
Elon,NA
Elvis,NA
Ezekiel,NA
Ezra,NA
Forrest,NA
Garrett,NA
Garth,NA
Gaylord,NA
Gilbert,NA
Grayson,NA
Grover,NA
Guy,NA
Hareem,NA
Harold,NA
Harry,NA
Hobart,NA
Hugh,NA
Ignacio,NA
Irwin,NA
Jalen,NA
Jason,NA
Jasper,NA
Javier,NA
Jayden,NA
Jaylen,NA
JB,NA
Jeremy,NA
Jermaine,NA
Jerry,NA
Jesse,NA
Jimbo,NA
Joe,NA
John,NA
Johnny,NA
Jose,NA
Julius,NA
Junior,NA
Kawhi,NA
Keenan,NA
Kyrie,NA
Landon,NA
Lawrence,NA
LeBron,NA
Leo,NA
Levi,NA
Liam,NA
Logan,NA
Lorenzo,NA
Louis,NA
Lucas,NA
Luke,NA
Malik,NA
Marcos,NA
Mark,NA
Mason,NA
Master,NA
Matt,NA
Maurice,NA
Miguel,NA
Montgomery,NA
Myles,NA
Nathan,NA
Neil,NA
Nicholas,NA
Noah,NA
Odell,NA
OJ,NA
Omari,NA
Pat,NA
Paul,NA
Pervis,NA
Pete,NA
Peter,NA
Peyton,NA
Pierre,NA
Preston,NA
Quincy,NA
Quinton,NA
Ramell,NA
Randall,NA
Reggie,NA
Rian,NA
Robin,NA
Russell,NA
Ryan,NA
Salvador,NA
Samuel,NA
Sean,NA
Sebastian,NA
Shaggy,NA
Stanley,NA
Steve,NA
Steven,NA
Terrell,NA
Tom,NA
Tommy,NA
Tommy Lee,NA
Travyon,NA
Tyler,NA
Tyreese,NA
Tyrone,NA
Vernon,NA
Vinnie,NA
Walter,NA
Warren,NA
William,NA
Willy,NA
Winston,NA
Woody,NA
Yusef,NA
Zion,NA
Adrian,SA
Alejandro,SA
Andres,SA
Camilo,SA
Chuminga,SA
Diego,SA
Domingo,SA
Elias,SA
Emanuel,SA
Emiliano,SA
Esteban,SA
Ezequiel,SA
Fabian,SA
Fausto,SA
Federico,SA
Ferdinand,SA
Francisco,SA
Franco,SA
Gabriel,SA
Gerardo,SA
Gonzalo,SA
Guillermo,SA
Ignacio,SA
Jamiro,SA
Javier,SA
Jhovany,SA
Jorge,SA
Juan,SA
Julian,SA
Leandro,SA
Luis,SA
Manuel,SA
Marcel,SA
Marcelo,SA
Matias,SA
Mauricio,SA
Miguel,SA
Pablo,SA
Ricardo,SA
Roberto,SA
Rodolfo,SA
Rodrigo,SA
Santiago,SA
Sebastian,SA
Sergio,SA
Thiago,SA
Valentin,SA
Victor,SA
Vitali,SA
Alejandro,SA
Angel,SA
Antonio,SA
Armando,SA
Carlos,SA
Carmelo,SA
Cesar,SA
Damian,SA
Daniel,SA
Deo,SA
Diego Alejandro,SA
Eduardo,SA
Erick,SA
Esteban,SA
Ezequiel,SA
Felix,SA
Fernando,SA
Gerardo,SA
Gonzalo,SA
Hugo,SA
Ignacio,SA
Isaac,SA
Jacobo,SA
Jose,SA
Juan,SA
Juan David,SA
Julian,SA
Luciano,SA
Luis,SA
Luz,SA
Marcos,SA
Moises,SA
Oscar,SA
Pedro,SA
Ramon,SA
Ricardo,SA
Rodrigo,SA
Rolando,SA
Ruben,SA
Salvador,SA
Santino,SA
Simon,SA
Tomas,SA
Xavier,SA
Yaz,SA
Zacarias,SA
Ba,AS
Dinh,AS
Duc,AS
Dung,AS
Giang,AS
Hai,AS
Hien,AS
Khan,AS
Quyen,AS
Thich,AS
Trai,AS
Trang,AS
Vinh,AS
Xuan,AS
